-- MySQL dump 10.13  Distrib 8.0.31, for Win64 (x86_64)
--
-- Host: localhost    Database: slotapp
-- ------------------------------------------------------
-- Server version	8.0.31

/*!40101 SET @OLD_CHARACTER_SET_CLIENT=@@CHARACTER_SET_CLIENT */;
/*!40101 SET @OLD_CHARACTER_SET_RESULTS=@@CHARACTER_SET_RESULTS */;
/*!40101 SET @OLD_COLLATION_CONNECTION=@@COLLATION_CONNECTION */;
/*!50503 SET NAMES utf8mb4 */;
/*!40103 SET @OLD_TIME_ZONE=@@TIME_ZONE */;
/*!40103 SET TIME_ZONE='+00:00' */;
/*!40014 SET @OLD_UNIQUE_CHECKS=@@UNIQUE_CHECKS, UNIQUE_CHECKS=0 */;
/*!40014 SET @OLD_FOREIGN_KEY_CHECKS=@@FOREIGN_KEY_CHECKS, FOREIGN_KEY_CHECKS=0 */;
/*!40101 SET @OLD_SQL_MODE=@@SQL_MODE, SQL_MODE='NO_AUTO_VALUE_ON_ZERO' */;
/*!40111 SET @OLD_SQL_NOTES=@@SQL_NOTES, SQL_NOTES=0 */;

--
-- Table structure for table `brands`
--

DROP TABLE IF EXISTS `brands`;
/*!40101 SET @saved_cs_client     = @@character_set_client */;
/*!50503 SET character_set_client = utf8mb4 */;
CREATE TABLE `brands` (
  `id` int NOT NULL AUTO_INCREMENT,
  `name` varchar(100) COLLATE utf8mb4_general_ci NOT NULL,
  `description` text COLLATE utf8mb4_general_ci,
  `created_at` timestamp NULL DEFAULT CURRENT_TIMESTAMP,
  `updated_at` timestamp NULL DEFAULT CURRENT_TIMESTAMP ON UPDATE CURRENT_TIMESTAMP,
  PRIMARY KEY (`id`),
  UNIQUE KEY `name` (`name`)
) ENGINE=MyISAM AUTO_INCREMENT=17 DEFAULT CHARSET=utf8mb4 COLLATE=utf8mb4_general_ci;
/*!40101 SET character_set_client = @saved_cs_client */;

--
-- Dumping data for table `brands`
--

LOCK TABLES `brands` WRITE;
/*!40000 ALTER TABLE `brands` DISABLE KEYS */;
INSERT INTO `brands` VALUES (1,'IGT','International Game Technology','2025-05-26 11:02:35','2025-05-26 11:02:35'),(2,'ARISTOCRAT','Aristocrat Leisure Limited','2025-05-26 11:02:35','2025-06-07 04:49:50'),(8,'EGT','Elite Gaming Technology','2025-05-27 05:46:56','2025-05-29 09:57:08'),(9,'GAMBEE','SUPERIOR GAMING EXPERIENCE','2025-05-27 08:16:51','2025-06-09 10:57:22'),(10,'MD','Magic Dreams','2025-05-27 08:19:03','2025-05-27 08:19:03'),(5,'NOVOMATIC','Novomatic AG','2025-05-26 11:02:35','2025-06-07 04:50:02'),(6,'BALLY','Bally Entertainment','2025-05-26 11:33:15','2025-06-07 04:49:56'),(11,'GOLD CLUB','Gold Club GameStar multi-game','2025-05-27 08:19:37','2025-06-09 11:02:04'),(13,'APEX','APEX pro gaming','2025-06-06 07:39:45','2025-06-09 10:58:20'),(14,'WMS','Williams Interactive','2025-06-07 04:50:48','2025-06-07 04:50:48'),(15,'SCIENTIFIC GAMES','Scientific Games Corporation','2025-06-13 08:11:00','2025-06-14 07:40:52'),(16,'KONAMI','Konami Gaming, Inc.','2025-06-13 08:11:00','2025-06-14 07:41:00');
/*!40000 ALTER TABLE `brands` ENABLE KEYS */;
UNLOCK TABLES;

--
-- Table structure for table `guest_data`
--

DROP TABLE IF EXISTS `guest_data`;
/*!40101 SET @saved_cs_client     = @@character_set_client */;
/*!50503 SET character_set_client = utf8mb4 */;
CREATE TABLE `guest_data` (
  `id` int NOT NULL AUTO_INCREMENT,
  `guest_code_id` varchar(50) COLLATE utf8mb4_general_ci NOT NULL,
  `upload_date` date NOT NULL,
  `drop_amount` decimal(10,2) NOT NULL DEFAULT '0.00',
  `result_amount` decimal(10,2) NOT NULL DEFAULT '0.00',
  `visits` int NOT NULL DEFAULT '0',
  `created_at` timestamp NULL DEFAULT CURRENT_TIMESTAMP,
  PRIMARY KEY (`id`),
  UNIQUE KEY `unique_guest_upload` (`guest_code_id`,`upload_date`),
  KEY `idx_upload_date` (`upload_date`),
  KEY `idx_guest_code` (`guest_code_id`)
) ENGINE=MyISAM AUTO_INCREMENT=801 DEFAULT CHARSET=utf8mb4 COLLATE=utf8mb4_general_ci;
/*!40101 SET character_set_client = @saved_cs_client */;

--
-- Dumping data for table `guest_data`
--

LOCK TABLES `guest_data` WRITE;
/*!40000 ALTER TABLE `guest_data` DISABLE KEYS */;
INSERT INTO `guest_data` VALUES (180,'55658','2025-03-31',15900.00,-6200.00,11,'2025-06-22 22:31:26'),(179,'172212','2025-03-31',7780.00,-6478.50,4,'2025-06-22 22:31:26'),(178,'118791','2025-03-31',8540.00,-6740.00,10,'2025-06-22 22:31:26'),(177,'64857','2025-03-31',9900.00,-7900.00,1,'2025-06-22 22:31:26'),(176,'278331','2025-03-31',10530.00,-9030.00,7,'2025-06-22 22:31:26'),(175,'489065','2025-03-31',13964.00,-9984.00,3,'2025-06-22 22:31:26'),(174,'489066','2025-03-31',13520.00,-10815.00,3,'2025-06-22 22:31:26'),(173,'484884','2025-02-28',1150.00,4744.00,2,'2025-06-22 22:28:13'),(172,'484780','2025-02-28',17300.00,4000.00,2,'2025-06-22 22:28:13'),(171,'484208','2025-02-28',50.00,3663.50,1,'2025-06-22 22:28:13'),(170,'484744','2025-02-28',7440.00,3055.25,5,'2025-06-22 22:28:13'),(169,'181587','2025-02-28',350.00,2050.00,3,'2025-06-22 22:28:13'),(168,'484371','2025-02-28',550.00,1502.00,2,'2025-06-22 22:28:13'),(167,'484043','2025-02-28',7520.00,1398.50,5,'2025-06-22 22:28:13'),(166,'485649','2025-02-28',1700.00,1211.75,4,'2025-06-22 22:28:13'),(165,'450597','2025-02-28',2900.00,709.00,2,'2025-06-22 22:28:13'),(164,'484811','2025-02-28',1700.00,-300.00,2,'2025-06-22 22:28:13'),(163,'484161','2025-02-28',6450.00,-384.25,3,'2025-06-22 22:28:13'),(162,'484107','2025-02-28',3000.00,-545.50,1,'2025-06-22 22:28:13'),(161,'486006','2025-02-28',1010.00,-699.50,3,'2025-06-22 22:28:13'),(160,'388169','2025-02-28',750.00,-750.00,3,'2025-06-22 22:28:13'),(159,'289675','2025-02-28',1600.00,-800.00,4,'2025-06-22 22:28:13'),(158,'484391','2025-02-28',1650.00,-1029.75,2,'2025-06-22 22:28:13'),(157,'486129','2025-02-28',1190.00,-1090.00,2,'2025-06-22 22:28:13'),(156,'485752','2025-02-28',9450.00,-1150.00,4,'2025-06-22 22:28:13'),(155,'465837','2025-02-28',1180.00,-1180.00,1,'2025-06-22 22:28:13'),(154,'484666','2025-02-28',1300.00,-1300.00,3,'2025-06-22 22:28:13'),(153,'289713','2025-02-28',1360.00,-1360.00,2,'2025-06-22 22:28:13'),(152,'485244','2025-02-28',5950.00,-1470.25,3,'2025-06-22 22:28:13'),(151,'290108','2025-02-28',1550.00,-1550.00,12,'2025-06-22 22:28:13'),(150,'140242','2025-02-28',1570.00,-1560.50,5,'2025-06-22 22:28:13'),(149,'486658','2025-02-28',3050.00,-1757.25,5,'2025-06-22 22:28:13'),(148,'485221','2025-02-28',4205.00,-2293.75,10,'2025-06-22 22:28:13'),(147,'55658','2025-02-28',3000.00,-2342.50,5,'2025-06-22 22:28:13'),(146,'484741','2025-02-28',2600.00,-2345.00,1,'2025-06-22 22:28:13'),(145,'485755','2025-02-28',4725.00,-2705.00,2,'2025-06-22 22:28:13'),(144,'486201','2025-02-28',2950.00,-2950.00,4,'2025-06-22 22:28:13'),(143,'278331','2025-02-28',4250.00,-2950.00,7,'2025-06-22 22:28:13'),(142,'78478','2025-02-28',4675.00,-3175.00,3,'2025-06-22 22:28:13'),(141,'118791','2025-02-28',4755.00,-3449.00,5,'2025-06-22 22:28:13'),(140,'79215','2025-02-28',4200.00,-4200.00,2,'2025-06-22 22:28:13'),(139,'20800','2025-02-28',26640.00,-6493.00,4,'2025-06-22 22:28:13'),(138,'78452','2025-02-28',7350.00,-7350.00,2,'2025-06-22 22:28:13'),(137,'143878','2025-02-28',10900.00,-8300.00,3,'2025-06-22 22:28:13'),(136,'159780','2025-01-31',1250.00,6750.00,1,'2025-06-22 22:27:13'),(135,'482149','2025-01-31',100.00,1152.50,2,'2025-06-22 22:27:13'),(134,'482796','2025-01-31',3350.00,1033.00,2,'2025-06-22 22:27:13'),(133,'482442','2025-01-31',1400.00,1020.00,2,'2025-06-22 22:27:13'),(132,'483078','2025-01-31',600.00,700.00,1,'2025-06-22 22:27:13'),(131,'157206','2025-01-31',3000.00,-237.50,4,'2025-06-22 22:27:13'),(130,'158514','2025-01-31',1860.00,-359.50,2,'2025-06-22 22:27:13'),(129,'470455','2025-01-31',1500.00,-599.25,1,'2025-06-22 22:27:13'),(128,'469001','2025-01-31',2500.00,-684.75,1,'2025-06-22 22:27:13'),(127,'57625','2025-01-31',3280.00,-800.00,4,'2025-06-22 22:27:13'),(126,'468911','2025-01-31',2450.00,-996.25,4,'2025-06-22 22:27:13'),(125,'469619','2025-01-31',1500.00,-1000.00,1,'2025-06-22 22:27:13'),(124,'470327','2025-01-31',1000.00,-1000.00,1,'2025-06-22 22:27:13'),(123,'289675','2025-01-31',1000.00,-1000.00,2,'2025-06-22 22:27:13'),(122,'123197','2025-01-31',2500.00,-1099.75,5,'2025-06-22 22:27:13'),(121,'389232','2025-01-31',1750.00,-1220.00,5,'2025-06-22 22:27:13'),(120,'469438','2025-01-31',3600.00,-1255.50,2,'2025-06-22 22:27:13'),(119,'162651','2025-01-31',5500.00,-1300.00,4,'2025-06-22 22:27:13'),(118,'469415','2025-01-31',2000.00,-1401.00,3,'2025-06-22 22:27:13'),(117,'33399','2025-01-31',2100.00,-1500.00,3,'2025-06-22 22:27:13'),(116,'469247','2025-01-31',1500.00,-1500.00,1,'2025-06-22 22:27:13'),(115,'481981','2025-01-31',1500.00,-1500.00,2,'2025-06-22 22:27:13'),(114,'482174','2025-01-31',10505.00,-1699.00,3,'2025-06-22 22:27:13'),(113,'436803','2025-01-31',2200.00,-1840.00,2,'2025-06-22 22:27:13'),(112,'469733','2025-01-31',8500.00,-1996.00,4,'2025-06-22 22:27:13'),(111,'480534','2025-01-31',2800.00,-2000.00,2,'2025-06-22 22:27:13'),(110,'470040','2025-01-31',2000.00,-2000.00,1,'2025-06-22 22:27:13'),(109,'482464','2025-01-31',2700.00,-2200.00,3,'2025-06-22 22:27:13'),(108,'482173','2025-01-31',5850.00,-2593.50,3,'2025-06-22 22:27:13'),(107,'480656','2025-01-31',3000.00,-3000.00,1,'2025-06-22 22:27:13'),(106,'295705','2025-01-31',4500.00,-3100.00,2,'2025-06-22 22:27:13'),(105,'90621','2025-01-31',6868.00,-4363.00,4,'2025-06-22 22:27:13'),(104,'156787','2025-01-31',10500.00,-5140.25,1,'2025-06-22 22:27:13'),(103,'381964','2025-01-31',5300.00,-5260.00,8,'2025-06-22 22:27:13'),(102,'55658','2025-01-31',38835.00,-5336.00,17,'2025-06-22 22:27:13'),(101,'464182','2025-01-31',6700.00,-5400.00,3,'2025-06-22 22:27:13'),(100,'278331','2025-01-31',10160.00,-5410.00,16,'2025-06-22 22:27:13'),(99,'393784','2025-01-31',7700.00,-6999.00,4,'2025-06-22 22:27:13'),(98,'450604','2025-01-31',20000.00,-13600.00,3,'2025-06-22 22:27:13'),(97,'107725','2025-01-31',18000.00,-13752.25,4,'2025-06-22 22:27:13'),(96,'480780','2025-01-31',25625.00,-21090.25,7,'2025-06-22 22:27:13'),(95,'480562','2025-01-31',83318.00,-40026.50,6,'2025-06-22 22:27:13'),(181,'90621','2025-03-31',6790.00,-5287.00,7,'2025-06-22 22:31:26'),(182,'488340','2025-03-31',5000.00,-5000.00,2,'2025-06-22 22:31:26'),(183,'489920','2025-03-31',11600.00,-5000.00,6,'2025-06-22 22:31:26'),(184,'381964','2025-03-31',4841.00,-4141.00,8,'2025-06-22 22:31:26'),(185,'180580','2025-03-31',4870.00,-3670.00,7,'2025-06-22 22:31:26'),(186,'452818','2025-03-31',3470.00,-3470.00,2,'2025-06-22 22:31:26'),(187,'388981','2025-03-31',3200.00,-3200.00,3,'2025-06-22 22:31:26'),(188,'489605','2025-03-31',2920.00,-2920.00,5,'2025-06-22 22:31:26'),(189,'487634','2025-03-31',2945.00,-2872.00,3,'2025-06-22 22:31:26'),(190,'489059','2025-03-31',2850.00,-2850.00,2,'2025-06-22 22:31:26'),(191,'487485','2025-03-31',3335.00,-2834.75,3,'2025-06-22 22:31:26'),(192,'396356','2025-03-31',4800.00,-2497.00,3,'2025-06-22 22:31:26'),(193,'487894','2025-03-31',3090.00,-2459.25,2,'2025-06-22 22:31:26'),(194,'489276','2025-03-31',4985.00,-2234.50,5,'2025-06-22 22:31:26'),(195,'65819','2025-03-31',5990.00,-2147.25,2,'2025-06-22 22:31:26'),(196,'487718','2025-03-31',22240.00,-2133.75,6,'2025-06-22 22:31:26'),(197,'489623','2025-03-31',2914.00,-2114.00,4,'2025-06-22 22:31:26'),(198,'448222','2025-03-31',2670.00,-2020.00,4,'2025-06-22 22:31:26'),(199,'488319','2025-03-31',2200.00,-1746.75,2,'2025-06-22 22:31:26'),(200,'489400','2025-03-31',1600.00,-1600.00,2,'2025-06-22 22:31:26'),(201,'487741','2025-03-31',1600.00,-1600.00,1,'2025-06-22 22:31:26'),(202,'487658','2025-03-31',4045.00,-1468.50,1,'2025-06-22 22:31:26'),(203,'488780','2025-03-31',1463.00,-1463.00,1,'2025-06-22 22:31:26'),(204,'489627','2025-03-31',1910.00,-1456.75,4,'2025-06-22 22:31:26'),(205,'202428','2025-03-31',1450.00,-1450.00,4,'2025-06-22 22:31:26'),(206,'170476','2025-03-31',5040.00,-1400.00,6,'2025-06-22 22:31:26'),(207,'488360','2025-03-31',2600.00,-1349.25,4,'2025-06-22 22:31:26'),(208,'483267','2025-03-31',4400.00,-1318.00,2,'2025-06-22 22:31:26'),(209,'487633','2025-03-31',1300.00,-1300.00,4,'2025-06-22 22:31:26'),(210,'489391','2025-03-31',2690.00,-1222.25,10,'2025-06-22 22:31:26'),(211,'489600','2025-03-31',1210.00,-1210.00,2,'2025-06-22 22:31:26'),(212,'490013','2025-03-31',2010.00,-1200.00,3,'2025-06-22 22:31:26'),(213,'65820','2025-03-31',1100.00,-1100.00,2,'2025-06-22 22:31:26'),(214,'294223','2025-03-31',1000.00,-1000.00,2,'2025-06-22 22:31:26'),(215,'381394','2025-03-31',1400.00,-697.00,3,'2025-06-22 22:31:26'),(216,'115738','2025-03-31',1500.00,-674.75,1,'2025-06-22 22:31:26'),(217,'489631','2025-03-31',2000.00,-599.25,2,'2025-06-22 22:31:26'),(218,'289675','2025-03-31',1250.00,-550.00,3,'2025-06-22 22:31:26'),(219,'489231','2025-03-31',1520.00,-520.00,5,'2025-06-22 22:31:26'),(220,'382578','2025-03-31',2635.00,283.75,2,'2025-06-22 22:31:26'),(221,'487740','2025-03-31',2100.00,670.25,2,'2025-06-22 22:31:26'),(222,'488214','2025-03-31',100.00,981.25,2,'2025-06-22 22:31:26'),(223,'25011','2025-03-31',2200.00,1110.00,26,'2025-06-22 22:31:26'),(224,'489230','2025-03-31',1325.00,1415.00,4,'2025-06-22 22:31:26'),(225,'485755','2025-03-31',10150.00,1626.50,5,'2025-06-22 22:31:26'),(226,'107725','2025-04-30',21800.00,-12296.00,5,'2025-06-22 22:32:23'),(227,'464182','2025-04-30',13060.00,-11468.00,4,'2025-06-22 22:32:23'),(228,'369785','2025-04-30',9970.00,-9069.00,1,'2025-06-22 22:32:23'),(229,'185373','2025-04-30',14350.00,-8555.75,5,'2025-06-22 22:32:23'),(230,'492325','2025-04-30',9700.00,-8399.25,2,'2025-06-22 22:32:23'),(231,'278331','2025-04-30',19310.00,-8280.00,17,'2025-06-22 22:32:23'),(232,'118791','2025-04-30',14305.00,-7993.25,16,'2025-06-22 22:32:23'),(233,'108478','2025-04-30',8525.00,-6604.50,8,'2025-06-22 22:32:23'),(234,'493430','2025-04-30',6700.00,-5696.25,3,'2025-06-22 22:32:23'),(235,'280285','2025-04-30',9200.00,-5198.25,29,'2025-06-22 22:32:23'),(236,'381964','2025-04-30',4471.00,-4471.00,7,'2025-06-22 22:32:23'),(237,'55658','2025-04-30',7320.00,-4455.75,4,'2025-06-22 22:32:23'),(238,'494606','2025-04-30',11010.00,-3894.50,3,'2025-06-22 22:32:23'),(239,'488939','2025-04-30',8000.00,-3576.25,6,'2025-06-22 22:32:23'),(240,'157582','2025-04-30',9985.00,-3471.75,7,'2025-06-22 22:32:23'),(241,'492443','2025-04-30',3595.00,-3317.50,4,'2025-06-22 22:32:23'),(242,'387049','2025-04-30',9160.00,-3217.75,4,'2025-06-22 22:32:23'),(243,'386162','2025-04-30',3200.00,-3200.00,1,'2025-06-22 22:32:23'),(244,'170476','2025-04-30',3340.00,-3193.25,3,'2025-06-22 22:32:23'),(245,'401045','2025-04-30',3090.00,-3090.00,4,'2025-06-22 22:32:23'),(246,'490736','2025-04-30',2860.00,-2860.00,2,'2025-06-22 22:32:23'),(247,'494115','2025-04-30',2800.00,-2800.00,3,'2025-06-22 22:32:23'),(248,'81954','2025-04-30',2750.00,-2750.00,2,'2025-06-22 22:32:23'),(249,'289675','2025-04-30',2700.00,-2700.00,3,'2025-06-22 22:32:23'),(250,'85108','2025-04-30',5010.00,-2603.25,5,'2025-06-22 22:32:23'),(251,'125747','2025-04-30',5200.00,-2600.00,1,'2025-06-22 22:32:23'),(252,'492038','2025-04-30',2335.00,-2335.00,5,'2025-06-22 22:32:23'),(253,'494509','2025-04-30',2870.00,-1868.75,5,'2025-06-22 22:32:23'),(254,'491652','2025-04-30',1856.00,-1797.50,4,'2025-06-22 22:32:23'),(255,'122045','2025-04-30',3284.00,-1784.00,7,'2025-06-22 22:32:23'),(256,'147717','2025-04-30',2780.00,-1738.50,3,'2025-06-22 22:32:23'),(257,'494133','2025-04-30',2175.00,-1673.00,2,'2025-06-22 22:32:23'),(258,'490654','2025-04-30',2350.00,-1650.00,2,'2025-06-22 22:32:23'),(259,'492699','2025-04-30',2305.00,-1623.00,2,'2025-06-22 22:32:23'),(260,'494041','2025-04-30',2030.00,-1458.00,10,'2025-06-22 22:32:23'),(261,'491979','2025-04-30',1308.00,-1308.00,1,'2025-06-22 22:32:23'),(262,'202492','2025-04-30',1300.00,-1300.00,4,'2025-06-22 22:32:23'),(263,'491190','2025-04-30',1300.00,-1300.00,1,'2025-06-22 22:32:23'),(264,'493542','2025-04-30',2300.00,-1297.50,1,'2025-06-22 22:32:23'),(265,'493215','2025-04-30',2750.00,-1250.00,3,'2025-06-22 22:32:23'),(266,'282932','2025-04-30',1180.00,-1180.00,1,'2025-06-22 22:32:23'),(267,'493212','2025-04-30',2920.00,-1118.75,1,'2025-06-22 22:32:23'),(268,'492082','2025-04-30',1100.00,-1100.00,1,'2025-06-22 22:32:23'),(269,'483685','2025-04-30',1400.00,-1022.50,3,'2025-06-22 22:32:23'),(270,'492320','2025-04-30',2275.00,-973.50,3,'2025-06-22 22:32:23'),(271,'491231','2025-04-30',4705.00,-880.75,4,'2025-06-22 22:32:23'),(272,'483267','2025-04-30',5800.00,494.50,1,'2025-06-22 22:32:23'),(273,'387058','2025-04-30',42365.00,616.00,4,'2025-06-22 22:32:23'),(274,'277305','2025-04-30',730.00,770.00,2,'2025-06-22 22:32:23'),(275,'494654','2025-04-30',3700.00,1000.00,2,'2025-06-22 22:32:23'),(276,'493825','2025-04-30',430.00,1339.75,2,'2025-06-22 22:32:23'),(277,'494120','2025-04-30',350.00,1680.00,2,'2025-06-22 22:32:23'),(278,'495268','2025-04-30',250.00,1694.25,1,'2025-06-22 22:32:23'),(279,'155576','2025-04-30',33700.00,1803.00,2,'2025-06-22 22:32:23'),(280,'124952','2025-04-30',1000.00,2013.75,1,'2025-06-22 22:32:23'),(281,'491553','2025-04-30',3300.00,3378.25,2,'2025-06-22 22:32:23'),(282,'493396','2025-04-30',3900.00,4209.25,3,'2025-06-22 22:32:23'),(283,'371670','2025-05-30',18170.00,-16646.25,9,'2025-06-22 22:33:11'),(284,'321097','2025-05-30',18920.00,-16361.25,7,'2025-06-22 22:33:11'),(285,'278331','2025-05-30',24030.00,-14980.00,20,'2025-06-22 22:33:11'),(286,'284416','2025-05-30',23200.00,-7277.00,6,'2025-06-22 22:33:11'),(287,'498131','2025-05-30',16650.00,-6618.25,4,'2025-06-22 22:33:11'),(288,'397620','2025-05-30',9300.00,-5954.00,4,'2025-06-22 22:33:11'),(289,'105449','2025-05-30',6300.00,-5292.75,1,'2025-06-22 22:33:11'),(290,'499150','2025-05-30',6000.00,-4704.75,2,'2025-06-22 22:33:11'),(291,'499309','2025-05-30',4500.00,-4500.00,1,'2025-06-22 22:33:11'),(292,'90621','2025-05-30',4200.00,-4200.00,4,'2025-06-22 22:33:11'),(293,'347068','2025-05-30',3750.00,-3670.00,8,'2025-06-22 22:33:11'),(294,'118791','2025-05-30',8570.00,-3612.25,9,'2025-06-22 22:33:11'),(295,'157582','2025-05-30',3100.00,-3100.00,2,'2025-06-22 22:33:11'),(296,'496705','2025-05-30',3520.00,-2657.00,4,'2025-06-22 22:33:11'),(297,'25011','2025-05-30',3050.00,-2550.00,24,'2025-06-22 22:33:11'),(298,'247988','2025-05-30',2550.00,-2550.00,3,'2025-06-22 22:33:11'),(299,'202428','2025-05-30',8840.00,-2501.25,6,'2025-06-22 22:33:11'),(300,'498863','2025-05-30',2500.00,-2500.00,1,'2025-06-22 22:33:11'),(301,'499637','2025-05-30',2400.00,-2400.00,1,'2025-06-22 22:33:11'),(302,'499635','2025-05-30',2200.00,-2200.00,1,'2025-06-22 22:33:11'),(303,'450165','2025-05-30',5750.00,-2136.00,6,'2025-06-22 22:33:11'),(304,'496675','2025-05-30',3210.00,-2132.00,5,'2025-06-22 22:33:11'),(305,'487485','2025-05-30',2050.00,-2050.00,2,'2025-06-22 22:33:11'),(306,'499312','2025-05-30',6900.00,-4845.00,2,'2025-06-22 22:33:11'),(307,'55658','2025-05-30',3400.00,-3189.50,4,'2025-06-22 22:33:11'),(308,'133063','2025-05-30',5550.00,-1891.00,2,'2025-06-22 22:33:11'),(309,'77352','2025-05-30',5700.00,-1848.00,16,'2025-06-22 22:33:11'),(310,'496569','2025-05-30',2630.00,-1529.00,2,'2025-06-22 22:33:11'),(311,'497711','2025-05-30',1300.00,-1300.00,1,'2025-06-22 22:33:11'),(312,'182829','2025-05-30',9800.00,-1314.00,5,'2025-06-22 22:33:11'),(313,'344968','2025-05-30',3800.00,-950.00,3,'2025-06-22 22:33:11'),(314,'497720','2025-05-30',10530.00,73.00,3,'2025-06-22 22:33:11'),(315,'497820','2025-05-30',1300.00,110.00,1,'2025-06-22 22:33:11'),(316,'495566','2025-05-30',1250.00,365.00,2,'2025-06-22 22:33:11'),(317,'497649','2025-05-30',1800.00,457.75,1,'2025-06-22 22:33:11'),(318,'391164','2025-05-30',500.00,500.00,2,'2025-06-22 22:33:11'),(319,'499410','2025-05-30',550.00,550.75,1,'2025-06-22 22:33:11'),(320,'493615','2025-05-30',3800.00,600.00,4,'2025-06-22 22:33:11'),(321,'497221','2025-05-30',800.00,603.75,3,'2025-06-22 22:33:11'),(322,'488939','2025-05-30',1500.00,622.75,2,'2025-06-22 22:33:11'),(323,'497232','2025-05-30',550.00,651.25,2,'2025-06-22 22:33:11'),(324,'358056','2025-05-30',1400.00,703.75,3,'2025-06-22 22:33:11'),(325,'499613','2025-05-30',1300.00,712.00,1,'2025-06-22 22:33:11'),(326,'378202','2025-05-30',300.00,1065.00,4,'2025-06-22 22:33:11'),(327,'247624','2025-05-30',2140.00,1160.00,3,'2025-06-22 22:33:11'),(328,'497636','2025-05-30',600.00,1325.00,1,'2025-06-22 22:33:11'),(329,'499302','2025-05-30',11662.00,3077.50,2,'2025-06-22 22:33:11'),(330,'156787','2024-01-25',21501.00,-13354.00,2,'2025-06-25 18:17:44'),(331,'107725','2024-01-25',14780.00,-6120.00,4,'2025-06-25 18:17:44'),(332,'180131','2024-01-25',6874.00,-4697.00,15,'2025-06-25 18:17:44'),(333,'278331','2024-01-25',4476.00,-2926.00,13,'2025-06-25 18:17:44'),(334,'125747','2024-01-25',5937.00,-2437.00,4,'2025-06-25 18:17:44'),(335,'10383','2024-01-25',3919.00,-2327.00,2,'2025-06-25 18:17:44'),(336,'288065','2024-01-25',4540.00,-2022.00,5,'2025-06-25 18:17:44'),(337,'183387','2024-01-25',5903.00,-1988.00,3,'2025-06-25 18:17:44'),(338,'377995','2024-01-25',2000.00,-1950.00,2,'2025-06-25 18:17:44'),(339,'380141','2024-01-25',2450.00,-1845.00,2,'2025-06-25 18:17:44'),(340,'282932','2024-01-25',1462.00,-1462.00,1,'2025-06-25 18:17:44'),(341,'378226','2024-01-25',6154.00,-1456.00,5,'2025-06-25 18:17:44'),(342,'137525','2024-01-25',28198.00,-1294.00,19,'2025-06-25 18:17:44'),(343,'378838','2024-01-25',6360.00,-1032.00,5,'2025-06-25 18:17:44'),(344,'379916','2024-01-25',3700.00,-696.00,2,'2025-06-25 18:17:44'),(345,'160615','2024-01-25',2745.00,-542.00,19,'2025-06-25 18:17:44'),(346,'123376','2024-01-25',1270.00,-470.00,3,'2025-06-25 18:17:44'),(347,'370130','2024-01-25',1220.00,-470.00,8,'2025-06-25 18:17:44'),(348,'378818','2024-01-25',2000.00,-320.00,3,'2025-06-25 18:17:44'),(349,'346700','2024-01-25',1200.00,-108.00,1,'2025-06-25 18:17:44'),(350,'309246','2024-01-25',1005.00,-105.00,3,'2025-06-25 18:17:44'),(351,'287559','2024-01-25',3905.00,-48.00,6,'2025-06-25 18:17:44'),(352,'65762','2024-01-25',3085.00,135.00,1,'2025-06-25 18:17:44'),(353,'123556','2024-01-25',2350.00,395.00,4,'2025-06-25 18:17:44'),(354,'286405','2024-01-25',1400.00,480.00,6,'2025-06-25 18:17:44'),(355,'375753','2024-01-25',3086.00,648.00,2,'2025-06-25 18:17:44'),(356,'3612','2024-01-25',1600.00,988.00,2,'2025-06-25 18:17:44'),(357,'162651','2024-01-25',1440.00,1260.00,4,'2025-06-25 18:17:44'),(358,'285728','2024-01-25',14531.00,1329.00,3,'2025-06-25 18:17:44'),(359,'378313','2024-01-25',14280.00,3537.00,2,'2025-06-25 18:17:44'),(360,'344968','2024-01-25',3800.00,-950.00,3,'2025-06-25 18:17:44'),(361,'497720','2024-01-25',10530.00,73.00,3,'2025-06-25 18:17:44'),(362,'497820','2024-01-25',1300.00,110.00,1,'2025-06-25 18:17:44'),(363,'495566','2024-01-25',1250.00,365.00,2,'2025-06-25 18:17:44'),(364,'497649','2024-01-25',1800.00,457.75,1,'2025-06-25 18:17:44'),(365,'391164','2024-01-25',500.00,500.00,2,'2025-06-25 18:17:44'),(366,'499410','2024-01-25',550.00,550.75,1,'2025-06-25 18:17:44'),(367,'493615','2024-01-25',3800.00,600.00,4,'2025-06-25 18:17:44'),(368,'497221','2024-01-25',800.00,603.75,3,'2025-06-25 18:17:44'),(369,'488939','2024-01-25',1500.00,622.75,2,'2025-06-25 18:17:44'),(370,'497232','2024-01-25',550.00,651.25,2,'2025-06-25 18:17:44'),(371,'358056','2024-01-25',1400.00,703.75,3,'2025-06-25 18:17:44'),(372,'499613','2024-01-25',1300.00,712.00,1,'2025-06-25 18:17:44'),(373,'378202','2024-01-25',300.00,1065.00,4,'2025-06-25 18:17:44'),(374,'247624','2024-01-25',2140.00,1160.00,3,'2025-06-25 18:17:44'),(375,'497636','2024-01-25',600.00,1325.00,1,'2025-06-25 18:17:44'),(376,'499302','2024-01-25',11662.00,3077.50,2,'2025-06-25 18:17:44'),(377,'137525','2024-02-29',4990.00,-3180.00,3,'2025-06-25 18:19:02'),(378,'381513','2024-02-29',9493.00,-2980.00,4,'2025-06-25 18:19:02'),(379,'375753','2024-02-29',3110.00,-2608.00,4,'2025-06-25 18:19:02'),(380,'381508','2024-02-29',5100.00,-2590.00,9,'2025-06-25 18:19:02'),(381,'382276','2024-02-29',2860.00,-2197.00,2,'2025-06-25 18:19:02'),(382,'125747','2024-02-29',4690.00,-2190.00,4,'2025-06-25 18:19:02'),(383,'382279','2024-02-29',1800.00,-1617.00,2,'2025-06-25 18:19:02'),(384,'125111','2024-02-29',1100.00,-1100.00,2,'2025-06-25 18:19:02'),(385,'159780','2024-02-29',1402.00,-843.00,1,'2025-06-25 18:19:02'),(386,'382614','2024-02-29',1500.00,-800.00,1,'2025-06-25 18:19:02'),(387,'180131','2024-02-29',1695.00,-726.00,9,'2025-06-25 18:19:02'),(388,'381872','2024-02-29',1210.00,-510.00,2,'2025-06-25 18:19:02'),(389,'6083','2024-02-29',2200.00,-499.00,1,'2025-06-25 18:19:02'),(390,'382601','2024-02-29',1050.00,-450.00,1,'2025-06-25 18:19:02'),(391,'381336','2024-02-29',1972.00,-411.00,6,'2025-06-25 18:19:02'),(392,'115545','2024-02-29',1060.00,-279.00,5,'2025-06-25 18:19:02'),(393,'94955','2024-02-29',2510.00,642.00,3,'2025-06-25 18:19:02'),(394,'309246','2024-02-29',1735.00,866.00,3,'2025-06-25 18:19:02'),(395,'63030','2024-02-29',1800.00,980.00,3,'2025-06-25 18:19:02'),(396,'381514','2024-02-29',8701.00,1658.00,4,'2025-06-25 18:19:02'),(397,'20800','2024-02-29',4870.00,1797.00,7,'2025-06-25 18:19:02'),(398,'282932','2024-02-29',2700.00,1802.00,2,'2025-06-25 18:19:02'),(399,'278331','2024-02-29',8367.00,2363.00,18,'2025-06-25 18:19:02'),(400,'159279','2024-02-29',2490.00,4414.00,5,'2025-06-25 18:19:02'),(401,'278331','2024-03-31',9205.00,-6405.00,9,'2025-06-25 18:19:50'),(402,'168287','2024-03-31',10900.00,-4427.00,3,'2025-06-25 18:19:50'),(403,'43849','2024-03-31',9475.00,-2930.00,5,'2025-06-25 18:19:50'),(404,'63030','2024-03-31',3000.00,-2200.00,1,'2025-06-25 18:19:50'),(405,'293527','2024-03-31',1900.00,-1700.00,6,'2025-06-25 18:19:50'),(406,'385046','2024-03-31',4920.00,-1650.00,4,'2025-06-25 18:19:50'),(407,'383113','2024-03-31',1540.00,-1540.00,1,'2025-06-25 18:19:50'),(408,'78478','2024-03-31',1650.00,-950.00,2,'2025-06-25 18:19:50'),(409,'90697','2024-03-31',1300.00,-800.00,3,'2025-06-25 18:19:50'),(410,'78235','2024-03-31',1100.00,-700.00,2,'2025-06-25 18:19:50'),(411,'384300','2024-03-31',1720.00,-295.00,2,'2025-06-25 18:19:50'),(412,'125747','2024-03-31',1600.00,-100.00,3,'2025-06-25 18:19:50'),(413,'384263','2024-03-31',1000.00,380.00,1,'2025-06-25 18:19:50'),(414,'384812','2024-03-31',1104.00,404.00,2,'2025-06-25 18:19:50'),(415,'381964','2024-03-31',2280.00,521.00,8,'2025-06-25 18:19:50'),(416,'382729','2024-03-31',6626.00,566.00,7,'2025-06-25 18:19:50'),(417,'382578','2024-03-31',3000.00,630.00,1,'2025-06-25 18:19:50'),(418,'19918','2024-03-31',4380.00,720.00,2,'2025-06-25 18:19:50'),(419,'137525','2024-03-31',5500.00,860.00,4,'2025-06-25 18:19:50'),(420,'127086','2024-03-31',2490.00,940.00,4,'2025-06-25 18:19:50'),(421,'384363','2024-03-31',1900.00,1300.00,2,'2025-06-25 18:19:50'),(422,'108478','2024-04-30',11296.00,-8112.00,9,'2025-06-25 18:20:44'),(423,'20800','2024-04-30',11400.00,-8085.00,2,'2025-06-25 18:20:44'),(424,'387533','2024-04-30',52300.00,-7229.00,5,'2025-06-25 18:20:44'),(425,'87435','2024-04-30',12030.00,-5952.00,3,'2025-06-25 18:20:44'),(426,'381514','2024-04-30',12555.00,-5372.00,3,'2025-06-25 18:20:44'),(427,'137525','2024-04-30',7775.00,-5335.00,4,'2025-06-25 18:20:44'),(428,'43849','2024-04-30',7470.00,-3782.00,3,'2025-06-25 18:20:44'),(429,'387431','2024-04-30',4500.00,-3190.00,2,'2025-06-25 18:20:44'),(430,'278331','2024-04-30',3150.00,-3150.00,10,'2025-06-25 18:20:44'),(431,'387483','2024-04-30',4300.00,-2675.00,3,'2025-06-25 18:20:44'),(432,'168287','2024-04-30',21016.00,-2650.00,2,'2025-06-25 18:20:44'),(433,'386162','2024-04-30',3000.00,-2500.00,1,'2025-06-25 18:20:44'),(434,'78478','2024-04-30',3620.00,-2470.00,4,'2025-06-25 18:20:44'),(435,'127086','2024-04-30',3056.00,-1965.00,9,'2025-06-25 18:20:44'),(436,'386106','2024-04-30',1900.00,-1900.00,1,'2025-06-25 18:20:44'),(437,'386592','2024-04-30',6106.00,-1752.00,4,'2025-06-25 18:20:44'),(438,'79215','2024-04-30',3712.00,-1744.00,3,'2025-06-25 18:20:44'),(439,'307708','2024-04-30',2374.00,-1574.00,4,'2025-06-25 18:20:44'),(440,'385603','2024-04-30',4539.00,-1439.00,4,'2025-06-25 18:20:44'),(441,'386922','2024-04-30',2750.00,-1350.00,2,'2025-06-25 18:20:44'),(442,'389232','2024-04-30',1000.00,-1000.00,2,'2025-06-25 18:20:44'),(443,'386090','2024-04-30',2050.00,-520.00,4,'2025-06-25 18:20:44'),(444,'118791','2024-04-30',3850.00,-235.00,11,'2025-06-25 18:20:44'),(445,'115465','2024-04-30',7720.00,183.00,3,'2025-06-25 18:20:44'),(446,'21844','2024-04-30',2760.00,347.00,5,'2025-06-25 18:20:44'),(447,'388528','2024-04-30',2850.00,611.00,4,'2025-06-25 18:20:44'),(448,'369790','2024-04-30',1760.00,625.00,3,'2025-06-25 18:20:44'),(449,'387254','2024-04-30',1730.00,656.00,2,'2025-06-25 18:20:44'),(450,'55658','2024-04-30',2470.00,730.00,6,'2025-06-25 18:20:44'),(451,'387444','2024-04-30',1110.00,742.00,4,'2025-06-25 18:20:44'),(452,'113809','2024-04-30',1500.00,1000.00,3,'2025-06-25 18:20:44'),(453,'388164','2024-04-30',400.00,1028.00,1,'2025-06-25 18:20:44'),(454,'90697','2024-04-30',1800.00,2201.00,3,'2025-06-25 18:20:44'),(455,'387221','2024-04-30',2000.00,2641.00,3,'2025-06-25 18:20:44'),(456,'385628','2024-04-30',3900.00,7010.00,1,'2025-06-25 18:20:44'),(457,'20800','2024-05-31',19925.00,-11079.00,4,'2025-06-25 18:21:27'),(458,'392303','2024-05-31',14800.00,-9331.00,3,'2025-06-25 18:21:27'),(459,'118791','2024-05-31',7211.00,-7211.00,7,'2025-06-25 18:21:27'),(460,'63124','2024-05-31',6501.00,-6096.00,4,'2025-06-25 18:21:27'),(461,'278331','2024-05-31',5800.00,-5800.00,9,'2025-06-25 18:21:27'),(462,'321097','2024-05-31',13087.00,-4517.00,9,'2025-06-25 18:21:27'),(463,'107725','2024-05-31',12700.00,-2986.00,5,'2025-06-25 18:21:27'),(464,'64288','2024-05-31',2750.00,-2750.00,1,'2025-06-25 18:21:27'),(465,'345540','2024-05-31',4210.00,-2509.00,11,'2025-06-25 18:21:27'),(466,'197291','2024-05-31',3400.00,-2498.00,2,'2025-06-25 18:21:27'),(467,'21844','2024-05-31',8138.00,-2455.00,13,'2025-06-25 18:21:27'),(468,'137525','2024-05-31',7650.00,-2400.00,6,'2025-06-25 18:21:27'),(469,'109558','2024-05-31',2309.00,-2214.00,2,'2025-06-25 18:21:27'),(470,'55181','2024-05-31',8442.00,-2008.00,4,'2025-06-25 18:21:27'),(471,'391551','2024-05-31',1460.00,-1392.00,1,'2025-06-25 18:21:27'),(472,'392292','2024-05-31',1850.00,-1350.00,3,'2025-06-25 18:21:27'),(473,'391732','2024-05-31',1815.00,-1230.00,1,'2025-06-25 18:21:27'),(474,'391563','2024-05-31',1105.00,-1105.00,1,'2025-06-25 18:21:27'),(475,'200065','2024-05-31',1200.00,-1060.00,4,'2025-06-25 18:21:27'),(476,'391696','2024-05-31',1050.00,-1050.00,3,'2025-06-25 18:21:27'),(477,'160616','2024-05-31',1000.00,-1000.00,16,'2025-06-25 18:21:27'),(478,'164433','2024-05-31',6400.00,-930.00,4,'2025-06-25 18:21:27'),(479,'391591','2024-05-31',1950.00,-869.00,2,'2025-06-25 18:21:27'),(480,'391214','2024-05-31',1300.00,-707.00,2,'2025-06-25 18:21:27'),(481,'124796','2024-05-31',5679.00,-471.00,19,'2025-06-25 18:21:27'),(482,'390379','2024-05-31',5703.00,-189.00,6,'2025-06-25 18:21:27'),(483,'391606','2024-05-31',7102.00,-137.00,4,'2025-06-25 18:21:27'),(484,'49267','2024-05-31',3250.00,-44.00,7,'2025-06-25 18:21:27'),(485,'391627','2024-05-31',1260.00,192.00,3,'2025-06-25 18:21:27'),(486,'3612','2024-05-31',2200.00,355.00,3,'2025-06-25 18:21:27'),(487,'389815','2024-05-31',1790.00,466.00,2,'2025-06-25 18:21:27'),(488,'390915','2024-05-31',3238.00,481.00,2,'2025-06-25 18:21:27'),(489,'390151','2024-05-31',3300.00,595.00,3,'2025-06-25 18:21:27'),(490,'391213','2024-05-31',3900.00,642.00,2,'2025-06-25 18:21:27'),(491,'66541','2024-05-31',400.00,741.00,1,'2025-06-25 18:21:27'),(492,'390301','2024-05-31',250.00,860.00,1,'2025-06-25 18:21:27'),(493,'310733','2024-05-31',700.00,1100.00,1,'2025-06-25 18:21:27'),(494,'392500','2024-05-31',1360.00,1523.00,1,'2025-06-25 18:21:27'),(495,'391075','2024-05-31',200.00,2084.00,1,'2025-06-25 18:21:27'),(496,'390809','2024-05-31',325.00,2689.00,3,'2025-06-25 18:21:27'),(497,'148134','2024-06-30',27000.00,-23488.00,5,'2025-06-25 18:22:06'),(498,'393816','2024-06-30',10800.00,-6298.00,3,'2025-06-25 18:22:06'),(499,'137525','2024-06-30',9852.00,-6252.00,6,'2025-06-25 18:22:06'),(500,'118791','2024-06-30',8750.00,-5037.00,7,'2025-06-25 18:22:06'),(501,'48027','2024-06-30',8400.00,-4955.00,1,'2025-06-25 18:22:06'),(502,'377226','2024-06-30',8695.00,-4624.00,8,'2025-06-25 18:22:06'),(503,'164433','2024-06-30',4360.00,-3229.00,3,'2025-06-25 18:22:06'),(504,'288498','2024-06-30',2850.00,-2850.00,21,'2025-06-25 18:22:06'),(505,'278331','2024-06-30',5266.00,-2566.00,12,'2025-06-25 18:22:06'),(506,'394846','2024-06-30',2500.00,-1900.00,2,'2025-06-25 18:22:06'),(507,'394597','2024-06-30',4310.00,-1825.00,4,'2025-06-25 18:22:06'),(508,'90697','2024-06-30',3225.00,-1725.00,3,'2025-06-25 18:22:06'),(509,'393757','2024-06-30',2610.00,-1666.00,1,'2025-06-25 18:22:06'),(510,'392292','2024-06-30',2000.00,-1500.00,1,'2025-06-25 18:22:06'),(511,'393219','2024-06-30',2420.00,-1380.00,3,'2025-06-25 18:22:06'),(512,'115465','2024-06-30',1770.00,-1240.00,2,'2025-06-25 18:22:06'),(513,'172716','2024-06-30',1265.00,-1188.00,6,'2025-06-25 18:22:06'),(514,'141792','2024-06-30',1296.00,-1150.00,2,'2025-06-25 18:22:06'),(515,'308285','2024-06-30',1000.00,-1000.00,5,'2025-06-25 18:22:06'),(516,'125111','2024-06-30',1500.00,-986.00,1,'2025-06-25 18:22:06'),(517,'108635','2024-06-30',1000.00,-922.00,4,'2025-06-25 18:22:06'),(518,'392474','2024-06-30',2300.00,-900.00,3,'2025-06-25 18:22:06'),(519,'197884','2024-06-30',1000.00,-900.00,1,'2025-06-25 18:22:06'),(520,'392837','2024-06-30',1400.00,-899.00,1,'2025-06-25 18:22:06'),(521,'393750','2024-06-30',1000.00,-727.00,3,'2025-06-25 18:22:06'),(522,'393690','2024-06-30',1150.00,-619.00,6,'2025-06-25 18:22:06'),(523,'345579','2024-06-30',1000.00,-599.00,3,'2025-06-25 18:22:06'),(524,'3612','2024-06-30',12050.00,-494.00,4,'2025-06-25 18:22:06'),(525,'384001','2024-06-30',1000.00,-400.00,1,'2025-06-25 18:22:06'),(526,'393604','2024-06-30',2100.00,-279.00,1,'2025-06-25 18:22:06'),(527,'394258','2024-06-30',1260.00,341.00,2,'2025-06-25 18:22:06'),(528,'19632','2024-06-30',684.00,421.00,3,'2025-06-25 18:22:06'),(529,'263558','2024-06-30',1366.00,589.00,3,'2025-06-25 18:22:06'),(530,'395192','2024-06-30',300.00,887.00,1,'2025-06-25 18:22:06'),(531,'394448','2024-06-30',1800.00,918.00,1,'2025-06-25 18:22:06'),(532,'388528','2024-06-30',3550.00,2142.00,6,'2025-06-25 18:22:06'),(533,'394656','2024-06-30',1600.00,3196.00,2,'2025-06-25 18:22:06'),(534,'107725','2024-07-31',11536.00,-7620.00,4,'2025-06-25 18:23:17'),(535,'43849','2024-07-31',11670.00,-5666.00,4,'2025-06-25 18:23:17'),(536,'346517','2024-07-31',3400.00,-2830.00,5,'2025-06-25 18:23:17'),(537,'118791','2024-07-31',3575.00,-2771.00,7,'2025-06-25 18:23:17'),(538,'137525','2024-07-31',5855.00,-2605.00,6,'2025-06-25 18:23:17'),(539,'398748','2024-07-31',3000.00,-2400.00,1,'2025-06-25 18:23:17'),(540,'77352','2024-07-31',5150.00,-2380.00,2,'2025-06-25 18:23:17'),(541,'54201','2024-07-31',2100.00,-2100.00,1,'2025-06-25 18:23:17'),(542,'165121','2024-07-31',2000.00,-2000.00,3,'2025-06-25 18:23:17'),(543,'396112','2024-07-31',2315.00,-1895.00,3,'2025-06-25 18:23:17'),(544,'295482','2024-07-31',4724.00,-1820.00,3,'2025-06-25 18:23:17'),(545,'278331','2024-07-31',1665.00,-1665.00,4,'2025-06-25 18:23:17'),(546,'397670','2024-07-31',1100.00,-1100.00,1,'2025-06-25 18:23:17'),(547,'396749','2024-07-31',3005.00,-958.00,3,'2025-06-25 18:23:17'),(548,'358056','2024-07-31',1500.00,-953.00,7,'2025-06-25 18:23:17'),(549,'3845','2024-07-31',7784.00,-852.00,31,'2025-06-25 18:23:17'),(550,'396356','2024-07-31',2420.00,-615.00,5,'2025-06-25 18:23:17'),(551,'396013','2024-07-31',3690.00,-579.00,3,'2025-06-25 18:23:17'),(552,'346522','2024-07-31',4560.00,-550.00,5,'2025-06-25 18:23:17'),(553,'398492','2024-07-31',4170.00,-507.00,4,'2025-06-25 18:23:17'),(554,'398043','2024-07-31',2200.00,-500.00,2,'2025-06-25 18:23:17'),(555,'10383','2024-07-31',4650.00,-332.00,4,'2025-06-25 18:23:17'),(556,'370130','2024-07-31',980.00,810.00,4,'2025-06-25 18:23:17'),(557,'396422','2024-07-31',400.00,1045.00,3,'2025-06-25 18:23:17'),(558,'397164','2024-07-31',300.00,1151.00,2,'2025-06-25 18:23:17'),(559,'178901','2024-07-31',130.00,1444.00,7,'2025-06-25 18:23:17'),(560,'306707','2024-07-31',50.00,1450.00,3,'2025-06-25 18:23:17'),(561,'60362','2024-07-31',751.00,1790.00,22,'2025-06-25 18:23:17'),(562,'397620','2024-07-31',2161.00,2151.00,2,'2025-06-25 18:23:17'),(563,'398988','2024-07-31',3900.00,2681.00,1,'2025-06-25 18:23:17'),(564,'397408','2024-07-31',1010.00,2913.00,3,'2025-06-25 18:23:17'),(565,'185373','2024-07-31',7550.00,4631.00,2,'2025-06-25 18:23:17'),(776,'77352','2024-08-30',18200.00,-3800.00,24,'2025-06-25 18:42:39'),(799,'423096','2024-08-30',800.00,4359.00,2,'2025-06-25 18:42:39'),(798,'400038','2024-08-30',3100.00,3240.00,3,'2025-06-25 18:42:39'),(797,'401547','2024-08-30',900.00,2100.00,5,'2025-06-25 18:42:39'),(796,'401885','2024-08-30',550.00,1692.00,6,'2025-06-25 18:42:39'),(795,'401906','2024-08-30',221.00,1145.00,2,'2025-06-25 18:42:39'),(794,'401893','2024-08-30',5480.00,689.00,2,'2025-06-25 18:42:39'),(793,'399976','2024-08-30',1220.00,-814.00,2,'2025-06-25 18:42:39'),(792,'401282','2024-08-30',1530.00,-930.00,3,'2025-06-25 18:42:39'),(791,'51333','2024-08-30',1430.00,-930.00,3,'2025-06-25 18:42:39'),(790,'306270','2024-08-30',1000.00,-1000.00,6,'2025-06-25 18:42:39'),(789,'400274','2024-08-30',1000.00,-1000.00,1,'2025-06-25 18:42:39'),(788,'351223','2024-08-30',2224.00,-1130.00,3,'2025-06-25 18:42:39'),(787,'397815','2024-08-30',4300.00,-1340.00,1,'2025-06-25 18:42:39'),(786,'399810','2024-08-30',4470.00,-1455.00,5,'2025-06-25 18:42:39'),(785,'3612','2024-08-30',4186.00,-1580.00,4,'2025-06-25 18:42:39'),(784,'86604','2024-08-30',2407.00,-1656.00,25,'2025-06-25 18:42:39'),(783,'308314','2024-08-30',1700.00,-1700.00,1,'2025-06-25 18:42:39'),(782,'399185','2024-08-30',3000.00,-1775.00,2,'2025-06-25 18:42:39'),(781,'398492','2024-08-30',4550.00,-1930.00,4,'2025-06-25 18:42:39'),(780,'185373','2024-08-30',9180.00,-2355.00,5,'2025-06-25 18:42:39'),(779,'400495','2024-08-30',3000.00,-2500.00,2,'2025-06-25 18:42:39'),(778,'164433','2024-08-30',12761.00,-2659.00,7,'2025-06-25 18:42:39'),(594,'434654','2024-09-30',36305.00,-6544.00,19,'2025-06-25 18:24:45'),(595,'107725','2024-09-30',18890.00,-5065.00,5,'2025-06-25 18:24:45'),(596,'436947','2024-09-30',5700.00,-4339.00,1,'2025-06-25 18:24:45'),(597,'393784','2024-09-30',4200.00,-3599.00,5,'2025-06-25 18:24:45'),(598,'77352','2024-09-30',6110.00,-3498.00,14,'2025-06-25 18:24:45'),(599,'435926','2024-09-30',10370.00,-3443.00,4,'2025-06-25 18:24:45'),(600,'435611','2024-09-30',5230.00,-3029.00,2,'2025-06-25 18:24:45'),(601,'20800','2024-09-30',8625.00,-2650.00,3,'2025-06-25 18:24:45'),(602,'436058','2024-09-30',5620.00,-1969.00,4,'2025-06-25 18:24:45'),(603,'137525','2024-09-30',2892.00,-1815.00,5,'2025-06-25 18:24:45'),(604,'263919','2024-09-30',2400.00,-1750.00,6,'2025-06-25 18:24:45'),(605,'80242','2024-09-30',2750.00,-1546.00,1,'2025-06-25 18:24:45'),(606,'280285','2024-09-30',1500.00,-1500.00,16,'2025-06-25 18:24:45'),(607,'3612','2024-09-30',3360.00,-1477.00,5,'2025-06-25 18:24:45'),(608,'118791','2024-09-30',7414.00,-1094.00,6,'2025-06-25 18:24:45'),(609,'345540','2024-09-30',1010.00,-1010.00,2,'2025-06-25 18:24:45'),(610,'140861','2024-09-30',2100.00,-713.00,3,'2025-06-25 18:24:45'),(611,'397815','2024-09-30',6345.00,-424.00,2,'2025-06-25 18:24:45'),(612,'264671','2024-09-30',2000.00,578.00,5,'2025-06-25 18:24:45'),(613,'447916','2024-09-30',390.00,910.00,1,'2025-06-25 18:24:45'),(614,'423848','2024-09-30',1200.00,1337.00,3,'2025-06-25 18:24:45'),(615,'435505','2024-09-30',250.00,1370.00,1,'2025-06-25 18:24:45'),(616,'278331','2024-09-30',5590.00,1660.00,10,'2025-06-25 18:24:45'),(617,'437025','2024-09-30',5500.00,2584.00,1,'2025-06-25 18:24:45'),(618,'447785','2024-09-30',399.00,2722.00,2,'2025-06-25 18:24:45'),(619,'435322','2024-09-30',4100.00,5509.00,1,'2025-06-25 18:24:45'),(620,'105142','2024-09-30',3135.00,5668.00,6,'2025-06-25 18:24:45'),(621,'132809','2024-09-30',100.00,10275.00,1,'2025-06-25 18:24:45'),(622,'450604','2024-10-31',27750.00,-14195.25,6,'2025-06-25 18:25:18'),(623,'449892','2024-10-31',15144.00,-7315.75,5,'2025-06-25 18:25:18'),(624,'180580','2024-10-31',10760.00,-6803.00,12,'2025-06-25 18:25:18'),(625,'278331','2024-10-31',13235.00,-6635.00,17,'2025-06-25 18:25:18'),(626,'448485','2024-10-31',7045.00,-6035.75,3,'2025-06-25 18:25:18'),(627,'118791','2024-10-31',8630.00,-5624.00,8,'2025-06-25 18:25:18'),(628,'371670','2024-10-31',15700.00,-4823.50,6,'2025-06-25 18:25:18'),(629,'279714','2024-10-31',3300.00,-2263.00,2,'2025-06-25 18:25:18'),(630,'170597','2024-10-31',6400.00,-2202.25,8,'2025-06-25 18:25:18'),(631,'369785','2024-10-31',21720.00,-2094.25,4,'2025-06-25 18:25:18'),(632,'45853','2024-10-31',7640.00,-2055.50,6,'2025-06-25 18:25:18'),(633,'449741','2024-10-31',3450.00,-1769.25,2,'2025-06-25 18:25:18'),(634,'450597','2024-10-31',11150.00,-1680.75,4,'2025-06-25 18:25:18'),(635,'358056','2024-10-31',2500.00,-1598.50,1,'2025-06-25 18:25:18'),(636,'168287','2024-10-31',25696.00,-959.75,5,'2025-06-25 18:25:18'),(637,'451525','2024-10-31',1500.00,-799.75,2,'2025-06-25 18:25:18'),(638,'282932','2024-10-31',700.00,-700.00,1,'2025-06-25 18:25:18'),(639,'448939','2024-10-31',500.00,-500.00,4,'2025-06-25 18:25:18'),(640,'77352','2024-10-31',500.00,-500.00,1,'2025-06-25 18:25:18'),(641,'448222','2024-10-31',1000.00,-494.00,2,'2025-06-25 18:25:18'),(642,'307323','2024-10-31',2670.00,-470.00,12,'2025-06-25 18:25:18'),(643,'393816','2024-10-31',4705.00,304.50,3,'2025-06-25 18:25:18'),(644,'25011','2024-10-31',2750.00,511.00,29,'2025-06-25 18:25:18'),(645,'78478','2024-10-31',8824.00,986.00,5,'2025-06-25 18:25:18'),(646,'264884','2024-10-31',18770.00,1247.25,1,'2025-06-25 18:25:18'),(647,'20800','2024-10-31',6600.00,2336.25,1,'2025-06-25 18:25:18'),(648,'436511','2024-10-31',850.00,2873.50,3,'2025-06-25 18:25:18'),(649,'167022','2024-10-31',1972.00,3098.25,4,'2025-06-25 18:25:18'),(650,'87348','2024-10-31',200.00,4300.00,3,'2025-06-25 18:25:18'),(651,'448701','2024-10-31',400.00,4945.75,2,'2025-06-25 18:25:18'),(652,'20800','2024-11-30',26800.00,-16000.00,4,'2025-06-25 18:26:25'),(653,'463465','2024-11-30',17600.00,-15535.75,7,'2025-06-25 18:26:25'),(654,'452698','2024-11-30',16200.00,-7837.25,3,'2025-06-25 18:26:25'),(655,'393816','2024-11-30',7000.00,-6200.00,2,'2025-06-25 18:26:25'),(656,'35719','2024-11-30',15700.00,-6123.75,2,'2025-06-25 18:26:25'),(657,'79215','2024-11-30',5600.00,-5299.25,2,'2025-06-25 18:26:25'),(658,'278331','2024-11-30',11040.00,-4940.00,17,'2025-06-25 18:26:25'),(659,'137525','2024-11-30',8460.00,-4713.00,5,'2025-06-25 18:26:25'),(660,'118791','2024-11-30',9820.00,-4552.25,9,'2025-06-25 18:26:25'),(661,'463981','2024-11-30',11400.00,-4200.00,7,'2025-06-25 18:26:25'),(662,'105461','2024-11-30',3925.00,-3925.00,2,'2025-06-25 18:26:25'),(663,'391644','2024-11-30',4100.00,-3399.25,3,'2025-06-25 18:26:25'),(664,'464412','2024-11-30',2600.00,-2600.00,1,'2025-06-25 18:26:25'),(665,'465413','2024-11-30',3230.00,-2274.75,3,'2025-06-25 18:26:25'),(666,'247988','2024-11-30',2200.00,-2020.00,3,'2025-06-25 18:26:25'),(667,'321097','2024-11-30',4350.00,-1804.00,4,'2025-06-25 18:26:25'),(668,'465524','2024-11-30',2100.00,-1800.00,2,'2025-06-25 18:26:25'),(669,'465917','2024-11-30',1750.00,-1750.00,1,'2025-06-25 18:26:25'),(670,'465837','2024-11-30',3200.00,-1496.25,2,'2025-06-25 18:26:25'),(671,'381514','2024-11-30',1550.00,-1431.00,1,'2025-06-25 18:26:25'),(672,'185373','2024-11-30',7000.00,-1391.50,3,'2025-06-25 18:26:25'),(673,'79089','2024-11-30',2000.00,-1371.50,1,'2025-06-25 18:26:25'),(674,'452799','2024-11-30',1500.00,-1309.75,1,'2025-06-25 18:26:25'),(675,'463521','2024-11-30',1700.00,-1274.50,1,'2025-06-25 18:26:25'),(676,'464182','2024-11-30',3600.00,-1225.50,1,'2025-06-25 18:26:25'),(677,'464186','2024-11-30',3900.00,-1191.25,2,'2025-06-25 18:26:25'),(678,'464780','2024-11-30',1000.00,-1000.00,1,'2025-06-25 18:26:25'),(679,'181184','2024-11-30',1000.00,-1000.00,2,'2025-06-25 18:26:25'),(680,'463514','2024-11-30',5170.00,-892.75,1,'2025-06-25 18:26:25'),(681,'463930','2024-11-30',10400.00,780.75,3,'2025-06-25 18:26:25'),(682,'183848','2024-11-30',900.00,1600.75,10,'2025-06-25 18:26:25'),(683,'463926','2024-11-30',450.00,2177.25,3,'2025-06-25 18:26:25'),(684,'157582','2024-11-30',2320.00,9681.25,6,'2025-06-25 18:26:25'),(685,'156787','2024-12-31',25705.00,-13025.75,3,'2025-06-25 18:27:36'),(686,'107725','2024-12-31',13500.00,-7329.00,2,'2025-06-25 18:27:36'),(687,'78478','2024-12-31',5900.00,-4983.75,4,'2025-06-25 18:27:36'),(688,'55658','2024-12-31',14320.00,-4885.50,9,'2025-06-25 18:27:36'),(689,'388169','2024-12-31',6950.00,-4850.00,4,'2025-06-25 18:27:36'),(690,'278331','2024-12-31',11016.00,-4500.00,12,'2025-06-25 18:27:36'),(691,'466075','2024-12-31',5862.00,-4471.75,1,'2025-06-25 18:27:36'),(692,'125747','2024-12-31',10300.00,-4000.00,4,'2025-06-25 18:27:36'),(693,'90621','2024-12-31',6470.00,-3665.75,4,'2025-06-25 18:27:36'),(694,'467841','2024-12-31',15140.00,-3636.50,5,'2025-06-25 18:27:36'),(695,'118791','2024-12-31',3600.00,-3600.00,4,'2025-06-25 18:27:36'),(696,'468288','2024-12-31',5350.00,-3349.25,4,'2025-06-25 18:27:36'),(697,'468908','2024-12-31',3000.00,-2700.00,1,'2025-06-25 18:27:36'),(698,'80530','2024-12-31',3150.00,-2500.00,4,'2025-06-25 18:27:36'),(699,'467316','2024-12-31',3600.00,-2500.00,2,'2025-06-25 18:27:36'),(700,'468241','2024-12-31',2400.00,-2400.00,1,'2025-06-25 18:27:36'),(701,'289295','2024-12-31',2700.00,-2360.00,2,'2025-06-25 18:27:36'),(702,'436802','2024-12-31',2900.00,-2100.00,3,'2025-06-25 18:27:36'),(703,'156235','2024-12-31',10448.00,-1875.50,3,'2025-06-25 18:27:36'),(704,'65819','2024-12-31',6355.00,-1805.25,2,'2025-06-25 18:27:36'),(705,'288174','2024-12-31',2100.00,-1691.25,1,'2025-06-25 18:27:36'),(706,'247988','2024-12-31',1800.00,-1621.50,3,'2025-06-25 18:27:36'),(707,'469247','2024-12-31',1800.00,-1400.00,1,'2025-06-25 18:27:36'),(708,'450604','2024-12-31',1300.00,-1300.00,2,'2025-06-25 18:27:36'),(709,'160615','2024-12-31',2060.00,-1039.75,10,'2025-06-25 18:27:36'),(710,'469192','2024-12-31',1200.00,500.00,2,'2025-06-25 18:27:36'),(711,'295705','2024-12-31',1500.00,600.00,3,'2025-06-25 18:27:36'),(712,'469200','2024-12-31',2000.00,800.00,1,'2025-06-25 18:27:36'),(713,'467052','2024-12-31',750.00,950.00,3,'2025-06-25 18:27:36'),(714,'468267','2024-12-31',2910.00,2091.50,4,'2025-06-25 18:27:36'),(715,'469122','2024-12-31',14690.00,7869.50,1,'2025-06-25 18:27:36'),(716,'468709','2024-12-31',8000.00,27250.00,2,'2025-06-25 18:27:36'),(777,'202428','2024-08-30',12365.00,-3512.00,14,'2025-06-25 18:42:39'),(775,'399366','2024-08-30',7550.00,-3850.00,5,'2025-06-25 18:42:39'),(774,'108478','2024-08-30',8667.00,-4748.00,8,'2025-06-25 18:42:39'),(773,'3845','2024-08-30',23263.00,-15584.00,31,'2025-06-25 18:42:39'),(800,'401164','2024-08-30',6570.00,4442.00,2,'2025-06-25 18:42:39');
/*!40000 ALTER TABLE `guest_data` ENABLE KEYS */;
UNLOCK TABLES;

--
-- Table structure for table `guest_uploads`
--

DROP TABLE IF EXISTS `guest_uploads`;
/*!40101 SET @saved_cs_client     = @@character_set_client */;
/*!50503 SET character_set_client = utf8mb4 */;
CREATE TABLE `guest_uploads` (
  `id` int NOT NULL AUTO_INCREMENT,
  `upload_date` date NOT NULL,
  `upload_filename` varchar(255) COLLATE utf8mb4_general_ci NOT NULL,
  `uploaded_by` int NOT NULL,
  `uploaded_at` timestamp NULL DEFAULT CURRENT_TIMESTAMP,
  PRIMARY KEY (`id`),
  UNIQUE KEY `upload_date` (`upload_date`),
  KEY `uploaded_by` (`uploaded_by`),
  KEY `idx_upload_date` (`upload_date`)
) ENGINE=MyISAM AUTO_INCREMENT=23 DEFAULT CHARSET=utf8mb4 COLLATE=utf8mb4_general_ci;
/*!40101 SET character_set_client = @saved_cs_client */;

--
-- Dumping data for table `guest_uploads`
--

LOCK TABLES `guest_uploads` WRITE;
/*!40000 ALTER TABLE `guest_uploads` DISABLE KEYS */;
INSERT INTO `guest_uploads` VALUES (4,'2025-02-28','serial.CSV',5,'2025-06-22 22:28:13'),(3,'2025-01-31','serial.CSV',5,'2025-06-22 22:27:13'),(5,'2025-03-31','serial.CSV',5,'2025-06-22 22:31:26'),(6,'2025-04-30','serial.CSV',5,'2025-06-22 22:32:23'),(7,'2025-05-30','serial.CSV',5,'2025-06-22 22:33:11'),(8,'2024-01-25','serial.CSV',5,'2025-06-25 18:17:44'),(9,'2024-02-29','serial.CSV',5,'2025-06-25 18:19:02'),(10,'2024-03-31','serial.CSV',5,'2025-06-25 18:19:50'),(11,'2024-04-30','serial.CSV',5,'2025-06-25 18:20:44'),(12,'2024-05-31','serial.CSV',5,'2025-06-25 18:21:27'),(13,'2024-06-30','serial.CSV',5,'2025-06-25 18:22:06'),(14,'2024-07-31','serial.CSV',5,'2025-06-25 18:23:17'),(22,'2024-08-30','serial.CSV',5,'2025-06-25 18:42:39'),(16,'2024-09-30','serial.CSV',5,'2025-06-25 18:24:45'),(17,'2024-10-31','serial.CSV',5,'2025-06-25 18:25:18'),(18,'2024-11-30','serial.CSV',5,'2025-06-25 18:26:25'),(19,'2024-12-31','serial.CSV',5,'2025-06-25 18:27:36');
/*!40000 ALTER TABLE `guest_uploads` ENABLE KEYS */;
UNLOCK TABLES;

--
-- Table structure for table `guests`
--

DROP TABLE IF EXISTS `guests`;
/*!40101 SET @saved_cs_client     = @@character_set_client */;
/*!50503 SET character_set_client = utf8mb4 */;
CREATE TABLE `guests` (
  `guest_code_id` varchar(50) COLLATE utf8mb4_general_ci NOT NULL,
  `guest_name` varchar(255) COLLATE utf8mb4_general_ci NOT NULL,
  `created_at` timestamp NULL DEFAULT CURRENT_TIMESTAMP,
  `updated_at` timestamp NULL DEFAULT CURRENT_TIMESTAMP ON UPDATE CURRENT_TIMESTAMP,
  PRIMARY KEY (`guest_code_id`)
) ENGINE=MyISAM DEFAULT CHARSET=utf8mb4 COLLATE=utf8mb4_general_ci;
/*!40101 SET character_set_client = @saved_cs_client */;

--
-- Dumping data for table `guests`
--

LOCK TABLES `guests` WRITE;
/*!40000 ALTER TABLE `guests` DISABLE KEYS */;
INSERT INTO `guests` VALUES ('485752','Khaled Ribhi Damayra','2025-06-22 22:28:13','2025-06-22 23:28:13'),('157206','Francesca Bernardis','2025-06-22 22:27:13','2025-06-22 23:27:13'),('465837','Anzhela Galkina','2025-06-22 22:28:13','2025-06-25 19:26:25'),('484666','Muserref Nursacan','2025-06-22 22:28:13','2025-06-22 23:28:13'),('289713','Abdalaziz Nazem','2025-06-22 22:28:13','2025-06-22 23:28:13'),('158514','Huwaida Emil Saleh','2025-06-22 22:27:13','2025-06-22 23:27:13'),('485244','Amalya Grigoryan','2025-06-22 22:28:13','2025-06-22 23:28:13'),('290108','Angelo Villani','2025-06-22 22:28:13','2025-06-22 23:28:13'),('140242','Raffaela Pignataro','2025-06-22 22:28:13','2025-06-22 23:28:13'),('486658','Turebek Arystanbekov','2025-06-22 22:28:13','2025-06-22 23:28:13'),('485221','Oktai Gamidov','2025-06-22 22:28:13','2025-06-22 23:28:13'),('484741','Zeynep Yanik','2025-06-22 22:28:13','2025-06-22 23:28:13'),('485755','Vasile Stelea','2025-06-22 22:28:13','2025-06-22 23:31:26'),('486201','Muneer Rashed Shadid','2025-06-22 22:28:13','2025-06-22 23:28:13'),('469001','Esma Seker','2025-06-22 22:27:13','2025-06-22 23:27:13'),('470455','Monica Taffuri','2025-06-22 22:27:13','2025-06-22 23:27:13'),('78478','Abas Amash','2025-06-22 22:28:13','2025-06-25 19:27:36'),('118791','Maria Lotito','2025-06-22 22:28:13','2025-06-25 19:27:36'),('79215','Nuryanti Moenaf','2025-06-22 22:28:13','2025-06-25 19:26:25'),('20800','Motaz Albeheiry','2025-06-22 22:28:13','2025-06-25 19:26:25'),('78452','Khairi Amash','2025-06-22 22:28:13','2025-06-22 23:28:13'),('143878','Samir Ramez Haidar','2025-06-22 22:28:13','2025-06-22 23:28:13'),('159780','AHMAD SHABAN','2025-06-22 22:27:13','2025-06-25 19:19:02'),('482149','Marina Moreva','2025-06-22 22:27:13','2025-06-22 23:27:13'),('482796','Mauro Megaro','2025-06-22 22:27:13','2025-06-22 23:27:13'),('482442','Rustam Salgereiev','2025-06-22 22:27:13','2025-06-22 23:27:13'),('483078','Fatih Ozsensoy','2025-06-22 22:27:13','2025-06-22 23:27:13'),('57625','Amal Rashed Alshameri','2025-06-22 22:27:13','2025-06-22 23:27:13'),('468911','Hassan Al Hassan','2025-06-22 22:27:13','2025-06-22 23:27:13'),('469619','Varazdat Grigorian','2025-06-22 22:27:13','2025-06-22 23:27:13'),('470327','Ovik Aleksanyan','2025-06-22 22:27:13','2025-06-22 23:27:13'),('289675','Lauris Zmuida','2025-06-22 22:27:13','2025-06-22 23:32:23'),('123197','Massimo Gagliardi','2025-06-22 22:27:13','2025-06-22 23:27:13'),('389232','Ilham Hasanalizade','2025-06-22 22:27:13','2025-06-25 19:20:44'),('469438','Vahagn Martirosyan','2025-06-22 22:27:13','2025-06-22 23:27:13'),('162651','SERGEI LAVIN','2025-06-22 22:27:13','2025-06-25 19:17:44'),('469415','Artur Pisnitskii','2025-06-22 22:27:13','2025-06-22 23:27:13'),('33399','Viktor Poliakov','2025-06-22 22:27:13','2025-06-22 23:27:13'),('469247','Omar Mohammad','2025-06-22 22:27:13','2025-06-25 19:27:36'),('481981','Hakan Karaduman','2025-06-22 22:27:13','2025-06-22 23:27:13'),('482174','Kristaps Kalnins','2025-06-22 22:27:13','2025-06-22 23:27:13'),('436803','Genrikh Arutiunian','2025-06-22 22:27:13','2025-06-22 23:27:13'),('469733','Armen Sargsian','2025-06-22 22:27:13','2025-06-22 23:27:13'),('480534','Tahir Kizilboga','2025-06-22 22:27:13','2025-06-22 23:27:13'),('470040','Gevorg Bidzyan','2025-06-22 22:27:13','2025-06-22 23:27:13'),('482464','Vitalii Hordiievskyi','2025-06-22 22:27:13','2025-06-22 23:27:13'),('482173','Mareks Suslovs','2025-06-22 22:27:13','2025-06-22 23:27:13'),('480656','Aleksandr Shustakovskii','2025-06-22 22:27:13','2025-06-22 23:27:13'),('295705','Giuseppe Mauriello','2025-06-22 22:27:13','2025-06-25 19:27:36'),('90621','Hanadi Aldugom','2025-06-22 22:27:13','2025-06-25 19:27:36'),('156787','Filastro Gatti','2025-06-22 22:27:13','2025-06-25 19:27:36'),('381964','TATIANA MARTYNIVA','2025-06-22 22:27:13','2025-06-25 19:19:50'),('55658','Sultan Abdulaziz','2025-06-22 22:27:13','2025-06-25 19:27:36'),('464182','Robert Buggins','2025-06-22 22:27:13','2025-06-25 19:26:25'),('278331','Matteo Gianoli','2025-06-22 22:27:13','2025-06-25 19:27:36'),('393784','Said Buqaiy','2025-06-22 22:27:13','2025-06-25 19:24:45'),('450604','Nikolai Ivanov','2025-06-22 22:27:13','2025-06-25 19:27:36'),('369785','Mohammad Awad','2025-06-22 22:32:23','2025-06-25 19:25:18'),('107725','Jorgeat Elias Khouri','2025-06-22 22:27:13','2025-06-25 19:27:36'),('480780','Ilia Luciak','2025-06-22 22:27:13','2025-06-22 23:27:13'),('480562','Janis Zviedris','2025-06-22 22:27:13','2025-06-22 23:27:13'),('486129','Emre Aksoz','2025-06-22 22:28:13','2025-06-22 23:28:13'),('484391','Osman Saglam','2025-06-22 22:28:13','2025-06-22 23:28:13'),('388169','Zeyad Amash','2025-06-22 22:28:13','2025-06-25 19:27:36'),('486006','Gokan Gumus','2025-06-22 22:28:13','2025-06-22 23:28:13'),('484107','Sefa Sandikci','2025-06-22 22:28:13','2025-06-22 23:28:13'),('484161','Angela Ghezzo','2025-06-22 22:28:13','2025-06-22 23:28:13'),('484811','Burak Sahin','2025-06-22 22:28:13','2025-06-22 23:28:13'),('450597','Vladimir Tomashevich','2025-06-22 22:28:13','2025-06-25 19:25:18'),('485649','Otar Tsurtsumia','2025-06-22 22:28:13','2025-06-22 23:28:13'),('484043','Armen Chobanian','2025-06-22 22:28:13','2025-06-22 23:28:13'),('484371','Ali Tamir','2025-06-22 22:28:13','2025-06-22 23:28:13'),('181587','Andrea Forte','2025-06-22 22:28:13','2025-06-22 23:28:13'),('484744','Mohamed Abdelhamid','2025-06-22 22:28:13','2025-06-22 23:28:13'),('484208','Ibrahim Guzel','2025-06-22 22:28:13','2025-06-22 23:28:13'),('484780','Ross Kelly','2025-06-22 22:28:13','2025-06-22 23:28:13'),('484884','Chamshed Yuldashev','2025-06-22 22:28:13','2025-06-22 23:28:13'),('489066','Timothee Heldenbergh','2025-06-22 22:31:26','2025-06-22 23:31:26'),('489065','Gregoire Heldenbergh','2025-06-22 22:31:26','2025-06-22 23:31:26'),('64857','Kinan Elias Mikail','2025-06-22 22:31:26','2025-06-22 23:31:26'),('172212','Gafur Shayusupov','2025-06-22 22:31:26','2025-06-22 23:31:26'),('488340','Ahmet Ciftci','2025-06-22 22:31:26','2025-06-22 23:31:26'),('489920','Ashot Ordukhanian','2025-06-22 22:31:26','2025-06-22 23:31:26'),('180580','Magne Johnsen','2025-06-22 22:31:26','2025-06-25 19:25:18'),('452818','Tatiana Kozak','2025-06-22 22:31:26','2025-06-22 23:31:26'),('388981','Isik Turkmen','2025-06-22 22:31:26','2025-06-22 23:31:26'),('489605','Seyran Arakelyan','2025-06-22 22:31:26','2025-06-22 23:31:26'),('487634','Muhammet Serdar','2025-06-22 22:31:26','2025-06-22 23:31:26'),('489059','Yerlan Makeyev','2025-06-22 22:31:26','2025-06-22 23:31:26'),('487485','Leonardo Modugno','2025-06-22 22:31:26','2025-06-22 23:33:11'),('396356','Harutyun Hambardzumyan','2025-06-22 22:31:26','2025-06-25 19:23:17'),('487894','Aleksandr Makhanov','2025-06-22 22:31:26','2025-06-22 23:31:26'),('489276','Altug Sevuktekin','2025-06-22 22:31:26','2025-06-22 23:31:26'),('65819','Andrew Sutton','2025-06-22 22:31:26','2025-06-25 19:27:36'),('487718','Mustafa Kahraman','2025-06-22 22:31:26','2025-06-22 23:31:26'),('489623','Gulcin Yurtseven','2025-06-22 22:31:26','2025-06-22 23:31:26'),('448222','Karen Safarian','2025-06-22 22:31:26','2025-06-25 19:25:18'),('488319','Nursen Kervancioglu','2025-06-22 22:31:26','2025-06-22 23:31:26'),('489400','Michael Scalise','2025-06-22 22:31:26','2025-06-22 23:31:26'),('487741','Renat Bakirov','2025-06-22 22:31:26','2025-06-22 23:31:26'),('487658','Darren Copeman','2025-06-22 22:31:26','2025-06-22 23:31:26'),('488780','Gegham Nersisyan','2025-06-22 22:31:26','2025-06-22 23:31:26'),('489627','Selda Sumer','2025-06-22 22:31:26','2025-06-22 23:31:26'),('202428','Maria Martinelli','2025-06-22 22:31:26','2025-06-25 19:42:39'),('170476','Ivan Cheshagorov','2025-06-22 22:31:26','2025-06-22 23:32:23'),('488360','Jivan Sharma','2025-06-22 22:31:26','2025-06-22 23:31:26'),('483267','Aleksandr Osinin','2025-06-22 22:31:26','2025-06-22 23:32:23'),('487633','Ilayda Boz','2025-06-22 22:31:26','2025-06-22 23:31:26'),('489391','Maria Daria','2025-06-22 22:31:26','2025-06-22 23:31:26'),('489600','Omer Alpdogan','2025-06-22 22:31:26','2025-06-22 23:31:26'),('490013','Koray Turp','2025-06-22 22:31:26','2025-06-22 23:31:26'),('65820','Paul Davies','2025-06-22 22:31:26','2025-06-22 23:31:26'),('294223','Akbar Hasanov','2025-06-22 22:31:26','2025-06-22 23:31:26'),('381394','FATMA YUCEER','2025-06-22 22:31:26','2025-06-22 23:31:26'),('115738','Tamer Yacoub','2025-06-22 22:31:26','2025-06-22 23:31:26'),('489631','Furkan Basar','2025-06-22 22:31:26','2025-06-22 23:31:26'),('489231','Anna Ascione','2025-06-22 22:31:26','2025-06-22 23:31:26'),('382578','GIOVANNA AMMIRAICE','2025-06-22 22:31:26','2025-06-25 19:19:50'),('487740','Valentina Bakirova','2025-06-22 22:31:26','2025-06-22 23:31:26'),('488214','Yusuf Atagun','2025-06-22 22:31:26','2025-06-22 23:31:26'),('25011','Oleh Lobur','2025-06-22 22:31:26','2025-06-25 19:25:18'),('489230','Salvatore Mentone','2025-06-22 22:31:26','2025-06-22 23:31:26'),('185373','ahmed hamed','2025-06-22 22:32:23','2025-06-25 19:42:39'),('492325','Mustafa Baykara','2025-06-22 22:32:23','2025-06-22 23:32:23'),('108478','ahmed abu leil','2025-06-22 22:32:23','2025-06-25 19:42:39'),('493430','Valeri Kammonen','2025-06-22 22:32:23','2025-06-22 23:32:23'),('280285','Andrii Lytvynenko','2025-06-22 22:32:23','2025-06-25 19:24:45'),('494606','Gjergj Morina','2025-06-22 22:32:23','2025-06-22 23:32:23'),('488939','Vitalii Chetyrin','2025-06-22 22:32:23','2025-06-25 19:17:44'),('157582','Davit Ghazinyan','2025-06-22 22:32:23','2025-06-25 19:26:25'),('492443','Massimo Biscarini','2025-06-22 22:32:23','2025-06-22 23:32:23'),('387049','Mohamed Abu Arar','2025-06-22 22:32:23','2025-06-22 23:32:23'),('386162','Michele Lodi','2025-06-22 22:32:23','2025-06-25 19:20:44'),('401045','Ovsep Karslian','2025-06-22 22:32:23','2025-06-22 23:32:23'),('490736','Wesam Mohammad','2025-06-22 22:32:23','2025-06-22 23:32:23'),('494115','Mohamad Samih','2025-06-22 22:32:23','2025-06-22 23:32:23'),('81954','Mohammed Al Qaddoumi','2025-06-22 22:32:23','2025-06-22 23:32:23'),('85108','Ahmad Ali Fawaz','2025-06-22 22:32:23','2025-06-22 23:32:23'),('125747','Barbara Ferrara','2025-06-22 22:32:23','2025-06-25 19:27:36'),('492038','Fatima Zahra','2025-06-22 22:32:23','2025-06-22 23:32:23'),('494509','Concetta Bellavia','2025-06-22 22:32:23','2025-06-22 23:32:23'),('491652','Munir Mansour','2025-06-22 22:32:23','2025-06-22 23:32:23'),('122045','Leonardo Sacco','2025-06-22 22:32:23','2025-06-22 23:32:23'),('147717','Mansoor Zaed','2025-06-22 22:32:23','2025-06-22 23:32:23'),('494133','Ilyas Girgin','2025-06-22 22:32:23','2025-06-22 23:32:23'),('490654','Osama Shalata','2025-06-22 22:32:23','2025-06-22 23:32:23'),('492699','Alexander Ilin','2025-06-22 22:32:23','2025-06-22 23:32:23'),('494041','Walid Abraham','2025-06-22 22:32:23','2025-06-22 23:32:23'),('491979','Cemal Aykac','2025-06-22 22:32:23','2025-06-22 23:32:23'),('202492','Basem Hibi','2025-06-22 22:32:23','2025-06-22 23:32:23'),('491190','Ilker Ustabas','2025-06-22 22:32:23','2025-06-22 23:32:23'),('493542','Abduhnaser Abdullah','2025-06-22 22:32:23','2025-06-22 23:32:23'),('493215','Jakhongir Alimov','2025-06-22 22:32:23','2025-06-22 23:32:23'),('282932','Federica Zappavigna','2025-06-22 22:32:23','2025-06-25 19:25:18'),('493212','Aleksandr Muradiants','2025-06-22 22:32:23','2025-06-22 23:32:23'),('492082','Hasret Yigit','2025-06-22 22:32:23','2025-06-22 23:32:23'),('483685','Marat Gainutdinov','2025-06-22 22:32:23','2025-06-22 23:32:23'),('492320','Armen Abrahamyan','2025-06-22 22:32:23','2025-06-22 23:32:23'),('491231','Eren Akpinar','2025-06-22 22:32:23','2025-06-22 23:32:23'),('387058','Amran Abu Arar','2025-06-22 22:32:23','2025-06-22 23:32:23'),('277305','Domenico Polizzi','2025-06-22 22:32:23','2025-06-22 23:32:23'),('494654','Leonida Morina','2025-06-22 22:32:23','2025-06-22 23:32:23'),('493825','Mirko Lorenzetti','2025-06-22 22:32:23','2025-06-22 23:32:23'),('494120','Piter Barakat','2025-06-22 22:32:23','2025-06-22 23:32:23'),('495268','Yasemin Sendur','2025-06-22 22:32:23','2025-06-22 23:32:23'),('155576','Adel Saleh','2025-06-22 22:32:23','2025-06-22 23:32:23'),('124952','Badr Mohammed','2025-06-22 22:32:23','2025-06-22 23:32:23'),('491553','Mahmoud Ghadir','2025-06-22 22:32:23','2025-06-22 23:32:23'),('493396','Khaled Zoabi','2025-06-22 22:32:23','2025-06-22 23:32:23'),('371670','Oronzo Amato','2025-06-22 22:33:11','2025-06-25 19:25:18'),('321097','Antonio Eder','2025-06-22 22:33:11','2025-06-25 19:26:25'),('284416','Sener Omeroglu','2025-06-22 22:33:11','2025-06-22 23:33:11'),('498131','Avtandil Tsetskhladze','2025-06-22 22:33:11','2025-06-22 23:33:11'),('397620','Motasem Morshed','2025-06-22 22:33:11','2025-06-25 19:23:17'),('105449','Wissam Sawaid','2025-06-22 22:33:11','2025-06-22 23:33:11'),('499150','Ali Obeid','2025-06-22 22:33:11','2025-06-22 23:33:11'),('499309','Maria Bosco','2025-06-22 22:33:11','2025-06-22 23:33:11'),('467841','Kamil Mersalov','2025-06-25 18:27:36','2025-06-25 19:27:36'),('347068','Ali Abdullah Alnamlah','2025-06-22 22:33:11','2025-06-22 23:33:11'),('496705','Murat Bozkurt','2025-06-22 22:33:11','2025-06-22 23:33:11'),('247988','Hisham Badran','2025-06-22 22:33:11','2025-06-25 19:27:36'),('498863','Galymzhan Mussabay','2025-06-22 22:33:11','2025-06-22 23:33:11'),('499637','Andrei Boldar','2025-06-22 22:33:11','2025-06-22 23:33:11'),('499635','Romeo Ashkashidze','2025-06-22 22:33:11','2025-06-22 23:33:11'),('450165','Gagik Hartenyan','2025-06-22 22:33:11','2025-06-22 23:33:11'),('496675','Kemal Agri','2025-06-22 22:33:11','2025-06-22 23:33:11'),('499312','Maria Valeria Masi','2025-06-22 22:33:11','2025-06-22 23:33:11'),('133063','Muhammad Said','2025-06-22 22:33:11','2025-06-22 23:33:11'),('77352','Kamal Ahmed alkulaib','2025-06-22 22:33:11','2025-06-25 19:42:39'),('496569','Ivan Zaitsev','2025-06-22 22:33:11','2025-06-22 23:33:11'),('497711','Sergei Markov','2025-06-22 22:33:11','2025-06-22 23:33:11'),('182829','Abdullah Abdul Maseeh','2025-06-22 22:33:11','2025-06-22 23:33:11'),('344968','Shkralla Badarne','2025-06-22 22:33:11','2025-06-25 19:17:44'),('497720','Oleg Smirnov','2025-06-22 22:33:11','2025-06-25 19:17:44'),('497820','Giuseppina Cannuli','2025-06-22 22:33:11','2025-06-25 19:17:44'),('495566','Nelli Minasyan','2025-06-22 22:33:11','2025-06-25 19:17:44'),('497649','Luca Morgan','2025-06-22 22:33:11','2025-06-25 19:17:44'),('391164','Monica Bresciani','2025-06-22 22:33:11','2025-06-25 19:17:44'),('499410','Merve Mutlu','2025-06-22 22:33:11','2025-06-25 19:17:44'),('493615','Mahmoud Atef Obeidat','2025-06-22 22:33:11','2025-06-25 19:17:44'),('497221','Fevzi Yilmaz','2025-06-22 22:33:11','2025-06-25 19:17:44'),('497232','Riza Sahin','2025-06-22 22:33:11','2025-06-25 19:17:44'),('358056','Diana Russo','2025-06-22 22:33:11','2025-06-25 19:25:18'),('499613','Naomi Stuart','2025-06-22 22:33:11','2025-06-25 19:17:44'),('378202','Viacheslav Moskalev','2025-06-22 22:33:11','2025-06-25 19:17:44'),('247624','Dany Mohamad','2025-06-22 22:33:11','2025-06-25 19:17:44'),('497636','Mohammad Awaisi','2025-06-22 22:33:11','2025-06-25 19:17:44'),('499302','Hikmat Majid Hayajneh','2025-06-22 22:33:11','2025-06-25 19:17:44'),('180131','JAFAR MOHAMMAD','2025-06-25 18:17:44','2025-06-25 19:19:02'),('10383','Youssef Elias Daher','2025-06-25 18:17:44','2025-06-25 19:23:17'),('288065','SVETLANA STOIANOVA','2025-06-25 18:17:44','2025-06-25 19:17:44'),('183387','MOHAMMAD MOUSA','2025-06-25 18:17:44','2025-06-25 19:17:44'),('377995','BRYAN KASPRZYK','2025-06-25 18:17:44','2025-06-25 19:17:44'),('380141','ANDRANIK AZIKYAN','2025-06-25 18:17:44','2025-06-25 19:17:44'),('378226','ARTUR MARTIROSYAN','2025-06-25 18:17:44','2025-06-25 19:17:44'),('137525','Adel Hanna','2025-06-25 18:17:44','2025-06-25 19:26:25'),('378838','NABIL WAJDI','2025-06-25 18:17:44','2025-06-25 19:17:44'),('379916','ALAA KHALED','2025-06-25 18:17:44','2025-06-25 19:17:44'),('160615','Eduard Kazarov','2025-06-25 18:17:44','2025-06-25 19:27:36'),('123376','GIANCARLO VALLONE','2025-06-25 18:17:44','2025-06-25 19:17:44'),('370130','Magomed Bek Magomedov','2025-06-25 18:17:44','2025-06-25 19:23:17'),('378818','ADEM GEZGEN','2025-06-25 18:17:44','2025-06-25 19:17:44'),('346700','JADALLA ISA','2025-06-25 18:17:44','2025-06-25 19:17:44'),('309246','ANNA ASTUTO','2025-06-25 18:17:44','2025-06-25 19:19:02'),('287559','SARGIS MKRTCHYAN','2025-06-25 18:17:44','2025-06-25 19:17:44'),('65762','VLADIMIR MIAKUSHKIN','2025-06-25 18:17:44','2025-06-25 19:17:44'),('123556','ASHOT GRIGORYAN','2025-06-25 18:17:44','2025-06-25 19:17:44'),('286405','FRANCESCO GRAZIOTTO','2025-06-25 18:17:44','2025-06-25 19:17:44'),('375753','GEORGE GREGOR','2025-06-25 18:17:44','2025-06-25 19:19:02'),('3612','Giorgio Lorenzato','2025-06-25 18:17:44','2025-06-25 19:42:39'),('285728','ANTON MASLOV','2025-06-25 18:17:44','2025-06-25 19:17:44'),('378313','VLAD FUKS','2025-06-25 18:17:44','2025-06-25 19:17:44'),('381513','SAFI MOHAMMAD','2025-06-25 18:19:02','2025-06-25 19:19:02'),('381508','SALEYI FUAD','2025-06-25 18:19:02','2025-06-25 19:19:02'),('382276','ROBERT FAIRBROTHER','2025-06-25 18:19:02','2025-06-25 19:19:02'),('382279','TALAL AHMAD','2025-06-25 18:19:02','2025-06-25 19:19:02'),('125111','Svitlana Movchan','2025-06-25 18:19:02','2025-06-25 19:22:06'),('382614','FRAFAYEL CHALIKYAN','2025-06-25 18:19:02','2025-06-25 19:19:02'),('381872','TIGRAN HARUTYUNYAN','2025-06-25 18:19:02','2025-06-25 19:19:02'),('6083','SAED JAMIL','2025-06-25 18:19:02','2025-06-25 19:19:02'),('382601','EGEMEN TOSUN','2025-06-25 18:19:02','2025-06-25 19:19:02'),('381336','GEGHAM GRIGORYAN','2025-06-25 18:19:02','2025-06-25 19:19:02'),('115545','EHAB NABEEL','2025-06-25 18:19:02','2025-06-25 19:19:02'),('94955','DIMA TAWIL','2025-06-25 18:19:02','2025-06-25 19:19:02'),('63030','MOHAMAD SAAD','2025-06-25 18:19:02','2025-06-25 19:19:50'),('381514','Mohammad Faleh','2025-06-25 18:19:02','2025-06-25 19:26:25'),('159279','KAREN MIDEIAN','2025-06-25 18:19:02','2025-06-25 19:19:02'),('168287','Diana Asad Altawil','2025-06-25 18:19:50','2025-06-25 19:25:18'),('43849','Hazem Mohamed','2025-06-25 18:19:50','2025-06-25 19:23:17'),('293527','TALAT ABDULAZIZ','2025-06-25 18:19:50','2025-06-25 19:19:50'),('385046','GABY ANTOINE','2025-06-25 18:19:50','2025-06-25 19:19:50'),('383113','AZIMJON OKHUNOV','2025-06-25 18:19:50','2025-06-25 19:19:50'),('90697','Ramzi Micheal','2025-06-25 18:19:50','2025-06-25 19:22:06'),('78235','RIFAT ARIFULIN','2025-06-25 18:19:50','2025-06-25 19:19:50'),('384300','ANTONIO FALANGA','2025-06-25 18:19:50','2025-06-25 19:19:50'),('384263','KATERYNA SAVINA','2025-06-25 18:19:50','2025-06-25 19:19:50'),('384812','OLEG LASHKOV','2025-06-25 18:19:50','2025-06-25 19:19:50'),('382729','DIONIS FEODOROV','2025-06-25 18:19:50','2025-06-25 19:19:50'),('19918','ZAHE AMASH','2025-06-25 18:19:50','2025-06-25 19:19:50'),('127086','Davide Edifizi','2025-06-25 18:19:50','2025-06-25 19:20:44'),('384363','FAROUQ GHASSAN','2025-06-25 18:19:50','2025-06-25 19:19:50'),('387533','Wissam Faur','2025-06-25 18:20:44','2025-06-25 19:20:44'),('87435','ali mohammad','2025-06-25 18:20:44','2025-06-25 19:20:44'),('387431','soubhi mohamad al asad','2025-06-25 18:20:44','2025-06-25 19:20:44'),('387483','Nader Abu Kaf','2025-06-25 18:20:44','2025-06-25 19:20:44'),('386106','Gary Simms','2025-06-25 18:20:44','2025-06-25 19:20:44'),('386592','Hatem Mohammad','2025-06-25 18:20:44','2025-06-25 19:20:44'),('307708','Bilal Abu Taleb','2025-06-25 18:20:44','2025-06-25 19:20:44'),('385603','Eugenio Finizio','2025-06-25 18:20:44','2025-06-25 19:20:44'),('386922','Helal Hibi','2025-06-25 18:20:44','2025-06-25 19:20:44'),('386090','Medeni  Kiyak','2025-06-25 18:20:44','2025-06-25 19:20:44'),('115465','Fares Alasam','2025-06-25 18:20:44','2025-06-25 19:22:06'),('21844','Jamal Mousa','2025-06-25 18:20:44','2025-06-25 19:21:27'),('388528','Nashat besher','2025-06-25 18:20:44','2025-06-25 19:22:06'),('369790','Ziad Hamdi','2025-06-25 18:20:44','2025-06-25 19:20:44'),('387254','FATOS SVARCA','2025-06-25 18:20:44','2025-06-25 19:20:44'),('387444','Simon Storey','2025-06-25 18:20:44','2025-06-25 19:20:44'),('113809','Aleksandr Chuzhinov','2025-06-25 18:20:44','2025-06-25 19:20:44'),('388164','Mehmet Aziz','2025-06-25 18:20:44','2025-06-25 19:20:44'),('387221','Saad Abu Arar','2025-06-25 18:20:44','2025-06-25 19:20:44'),('385628','Giuseppe Miranda','2025-06-25 18:20:44','2025-06-25 19:20:44'),('392303','Leila Mohamad','2025-06-25 18:21:27','2025-06-25 19:21:27'),('63124','Mohammad AlsarraF','2025-06-25 18:21:27','2025-06-25 19:21:27'),('64288','Mariem Ahmed','2025-06-25 18:21:27','2025-06-25 19:21:27'),('345540','Faisal Alqassar','2025-06-25 18:21:27','2025-06-25 19:24:45'),('197291','Salvatore De Leo','2025-06-25 18:21:27','2025-06-25 19:21:27'),('109558','Selcuk Meral','2025-06-25 18:21:27','2025-06-25 19:21:27'),('55181','Lina Shafiq','2025-06-25 18:21:27','2025-06-25 19:21:27'),('391551','Kustandy nicola','2025-06-25 18:21:27','2025-06-25 19:21:27'),('392292','Vahe Khachatryan','2025-06-25 18:21:27','2025-06-25 19:22:06'),('391732','Tobias Bernauer','2025-06-25 18:21:27','2025-06-25 19:21:27'),('391563','Ilker Pakyuz','2025-06-25 18:21:27','2025-06-25 19:21:27'),('200065','Khaled Msfar','2025-06-25 18:21:27','2025-06-25 19:21:27'),('391696','David Hovhannisyan','2025-06-25 18:21:27','2025-06-25 19:21:27'),('160616','Sergo Aslamazov','2025-06-25 18:21:27','2025-06-25 19:21:27'),('164433','Mohammad Al Krenawi','2025-06-25 18:21:27','2025-06-25 19:42:39'),('391591','Cihan Korukcu','2025-06-25 18:21:27','2025-06-25 19:21:27'),('391214','JANIS LINDA','2025-06-25 18:21:27','2025-06-25 19:21:27'),('124796','Yevhenii Tytenko','2025-06-25 18:21:27','2025-06-25 19:21:27'),('390379','Ahmet Umitli','2025-06-25 18:21:27','2025-06-25 19:21:27'),('391606','Hitesh Dave','2025-06-25 18:21:27','2025-06-25 19:21:27'),('49267','Fuad Abo Asal','2025-06-25 18:21:27','2025-06-25 19:21:27'),('391627','Refik Koygun','2025-06-25 18:21:27','2025-06-25 19:21:27'),('389815','Fawwaz Aburabieh','2025-06-25 18:21:27','2025-06-25 19:21:27'),('390915','Samah Abu Siam','2025-06-25 18:21:27','2025-06-25 19:21:27'),('390151','Sergei Sultanov','2025-06-25 18:21:27','2025-06-25 19:21:27'),('391213','jasmine emily','2025-06-25 18:21:27','2025-06-25 19:21:27'),('66541','Madlean Adeeb','2025-06-25 18:21:27','2025-06-25 19:21:27'),('390301','Ahmed Abdullateef','2025-06-25 18:21:27','2025-06-25 19:21:27'),('310733','andrei kucherov','2025-06-25 18:21:27','2025-06-25 19:21:27'),('392500','Helen Moane','2025-06-25 18:21:27','2025-06-25 19:21:27'),('391075','Katia Corvino','2025-06-25 18:21:27','2025-06-25 19:21:27'),('390809','Joseph Naji','2025-06-25 18:21:27','2025-06-25 19:21:27'),('148134','Bassam Ahmed Azzam','2025-06-25 18:22:06','2025-06-25 19:22:06'),('393816','Hazim Abu Kheit','2025-06-25 18:22:06','2025-06-25 19:26:25'),('48027','Mustafa Hossari','2025-06-25 18:22:06','2025-06-25 19:22:06'),('377226','Taha Mohamed Shagi','2025-06-25 18:22:06','2025-06-25 19:22:06'),('288498','Giovanni Puglisi','2025-06-25 18:22:06','2025-06-25 19:22:06'),('394846','Andrey Pashazade','2025-06-25 18:22:06','2025-06-25 19:22:06'),('394597','Sana Tber','2025-06-25 18:22:06','2025-06-25 19:22:06'),('393757','Mehmet Dogan','2025-06-25 18:22:06','2025-06-25 19:22:06'),('393219','Mohammed Dhafer','2025-06-25 18:22:06','2025-06-25 19:22:06'),('172716','Ahmet Ozbek','2025-06-25 18:22:06','2025-06-25 19:22:06'),('141792','Ashraf Abd El Nabi','2025-06-25 18:22:06','2025-06-25 19:22:06'),('308285','Arkan Essa','2025-06-25 18:22:06','2025-06-25 19:22:06'),('108635','Nayef Buqai','2025-06-25 18:22:06','2025-06-25 19:22:06'),('392474','Armen Ogannisian','2025-06-25 18:22:06','2025-06-25 19:22:06'),('197884','Shadi Khatib','2025-06-25 18:22:06','2025-06-25 19:22:06'),('392837','Colette Nahabia','2025-06-25 18:22:06','2025-06-25 19:22:06'),('393750','Salem Khalel','2025-06-25 18:22:06','2025-06-25 19:22:06'),('393690','SALIH KHALILI','2025-06-25 18:22:06','2025-06-25 19:22:06'),('345579','Mohamed Tarbih','2025-06-25 18:22:06','2025-06-25 19:22:06'),('384001','Monica Pellegrinon','2025-06-25 18:22:06','2025-06-25 19:22:06'),('393604','Joe Georges','2025-06-25 18:22:06','2025-06-25 19:22:06'),('394258','SULTAN ABDALLA','2025-06-25 18:22:06','2025-06-25 19:22:06'),('19632','Ali Ghadafsha','2025-06-25 18:22:06','2025-06-25 19:22:06'),('263558','Murat Oguz','2025-06-25 18:22:06','2025-06-25 19:22:06'),('395192','Gokhan Albayrak','2025-06-25 18:22:06','2025-06-25 19:22:06'),('394448','Sahem Ahmad','2025-06-25 18:22:06','2025-06-25 19:22:06'),('394656','Elsheikh Ebrahim','2025-06-25 18:22:06','2025-06-25 19:22:06'),('346517','Riyad Aiadeh','2025-06-25 18:23:17','2025-06-25 19:23:17'),('398748','Pavel Babin','2025-06-25 18:23:17','2025-06-25 19:23:17'),('54201','Ziyad Matar','2025-06-25 18:23:17','2025-06-25 19:23:17'),('165121','Ahmad Mousa Jaber','2025-06-25 18:23:17','2025-06-25 19:23:17'),('396112','Erkan Yerli','2025-06-25 18:23:17','2025-06-25 19:23:17'),('295482','Husam Brik','2025-06-25 18:23:17','2025-06-25 19:23:17'),('397670','Mohammed Derwish','2025-06-25 18:23:17','2025-06-25 19:23:17'),('396749','Burak Celik','2025-06-25 18:23:17','2025-06-25 19:23:17'),('3845','Maysoon Mousa','2025-06-25 18:23:17','2025-06-25 19:42:39'),('396013','Vladyslav Ierema','2025-06-25 18:23:17','2025-06-25 19:23:17'),('346522','Abdallah Ali','2025-06-25 18:23:17','2025-06-25 19:23:17'),('398492','Muneer Khaled','2025-06-25 18:23:17','2025-06-25 19:42:39'),('398043','Imad Juamis','2025-06-25 18:23:17','2025-06-25 19:23:17'),('396422','Abdlelaziz Suhail','2025-06-25 18:23:17','2025-06-25 19:23:17'),('397164','Ronalds Sniedze','2025-06-25 18:23:17','2025-06-25 19:23:17'),('178901','Evelina Giordano','2025-06-25 18:23:17','2025-06-25 19:23:17'),('306707','Sargis Sahakyan','2025-06-25 18:23:17','2025-06-25 19:23:17'),('60362','Eduard Bablumyan','2025-06-25 18:23:17','2025-06-25 19:23:17'),('398988','Giacinto Roccio','2025-06-25 18:23:17','2025-06-25 19:23:17'),('397408','Mohammed Ahmed','2025-06-25 18:23:17','2025-06-25 19:23:17'),('401547','Iyad Awwad','2025-06-25 18:42:39','2025-06-25 19:42:39'),('401885','Mahir Ali','2025-06-25 18:42:39','2025-06-25 19:42:39'),('401893','Anastasiia Gromova','2025-06-25 18:42:39','2025-06-25 19:42:39'),('397815','Dmitrii Bodneriuk','2025-06-25 18:23:59','2025-06-25 19:42:39'),('401906','Mahmud Gara','2025-06-25 18:42:39','2025-06-25 19:42:39'),('399976','Alexis Georges Nohra','2025-06-25 18:42:39','2025-06-25 19:42:39'),('401282','Claudia Travagliante','2025-06-25 18:42:39','2025-06-25 19:42:39'),('51333','Remo Abbatiello','2025-06-25 18:42:39','2025-06-25 19:42:39'),('306270','Mondhir Bishara','2025-06-25 18:42:39','2025-06-25 19:42:39'),('400274','Mohammad Badran','2025-06-25 18:42:39','2025-06-25 19:42:39'),('351223','Marwa Gannem','2025-06-25 18:42:39','2025-06-25 19:42:39'),('308314','Issa Abu Arar','2025-06-25 18:42:39','2025-06-25 19:42:39'),('434654','Kamel El Laham','2025-06-25 18:24:45','2025-06-25 19:24:45'),('436947','Ara Margaryan','2025-06-25 18:24:45','2025-06-25 19:24:45'),('435926','Anna Akhmetova','2025-06-25 18:24:45','2025-06-25 19:24:45'),('435611','Ayedh Ali Alkahtani','2025-06-25 18:24:45','2025-06-25 19:24:45'),('436058','Nil Alp','2025-06-25 18:24:45','2025-06-25 19:24:45'),('263919','Alberto Caligari','2025-06-25 18:24:45','2025-06-25 19:24:45'),('80242','Mohammed Abdullah','2025-06-25 18:24:45','2025-06-25 19:24:45'),('140861','Ahmad Mubarak','2025-06-25 18:24:45','2025-06-25 19:24:45'),('264671','Karam Abu Shah','2025-06-25 18:24:45','2025-06-25 19:24:45'),('447916','Charalampos Anastasiou','2025-06-25 18:24:45','2025-06-25 19:24:45'),('423848','Yousef Osho','2025-06-25 18:24:45','2025-06-25 19:24:45'),('435505','Diego Leoni','2025-06-25 18:24:45','2025-06-25 19:24:45'),('437025','Mohammad Abdullah Doroubi','2025-06-25 18:24:45','2025-06-25 19:24:45'),('447785','Flopeter Mkhel','2025-06-25 18:24:45','2025-06-25 19:24:45'),('435322','Sergei Gromyko','2025-06-25 18:24:45','2025-06-25 19:24:45'),('105142','Ahmad Ataba','2025-06-25 18:24:45','2025-06-25 19:24:45'),('132809','Shejoun Abdullah','2025-06-25 18:24:45','2025-06-25 19:24:45'),('449892','Khalid Fahad Alshareef','2025-06-25 18:25:18','2025-06-25 19:25:18'),('448485','Mohamd Ahmad','2025-06-25 18:25:18','2025-06-25 19:25:18'),('279714','Maria Cirone','2025-06-25 18:25:18','2025-06-25 19:25:18'),('170597','Nikolai Kalashnikov','2025-06-25 18:25:18','2025-06-25 19:25:18'),('45853','Patrick Logeais','2025-06-25 18:25:18','2025-06-25 19:25:18'),('449741','Yanka Necheva','2025-06-25 18:25:18','2025-06-25 19:25:18'),('451525','Cristina Poncioni','2025-06-25 18:25:18','2025-06-25 19:25:18'),('448939','Hayati Acar','2025-06-25 18:25:18','2025-06-25 19:25:18'),('307323','Daniele Pacifico','2025-06-25 18:25:18','2025-06-25 19:25:18'),('264884','Lina Zuhdi Shreim','2025-06-25 18:25:18','2025-06-25 19:25:18'),('436511','Amer Fuad Boje Nasar','2025-06-25 18:25:18','2025-06-25 19:25:18'),('167022','Rami Mari','2025-06-25 18:25:18','2025-06-25 19:25:18'),('87348','Anvar Lechkhadzhiev','2025-06-25 18:25:18','2025-06-25 19:25:18'),('448701','Yury Stellato','2025-06-25 18:25:18','2025-06-25 19:25:18'),('463465','Sedef Mursaloglu','2025-06-25 18:26:25','2025-06-25 19:26:25'),('452698','Kobiljon Makhamatjonov','2025-06-25 18:26:25','2025-06-25 19:26:25'),('35719','Azamat Umarov','2025-06-25 18:26:25','2025-06-25 19:26:25'),('463981','Vusal Abdullayev','2025-06-25 18:26:25','2025-06-25 19:26:25'),('105461','Iyad Ghadafshi','2025-06-25 18:26:25','2025-06-25 19:26:25'),('391644','Cemil Cakir','2025-06-25 18:26:25','2025-06-25 19:26:25'),('464412','Kubilay Erdelikara','2025-06-25 18:26:25','2025-06-25 19:26:25'),('465413','Sahin Sayin','2025-06-25 18:26:25','2025-06-25 19:26:25'),('465524','Murat Seker','2025-06-25 18:26:25','2025-06-25 19:26:25'),('465917','Stefan Zettl','2025-06-25 18:26:25','2025-06-25 19:26:25'),('79089','Linda Austin','2025-06-25 18:26:25','2025-06-25 19:26:25'),('452799','Metin Demir','2025-06-25 18:26:25','2025-06-25 19:26:25'),('463521','Pelin Ozturk','2025-06-25 18:26:25','2025-06-25 19:26:25'),('464186','Alex Michael','2025-06-25 18:26:25','2025-06-25 19:26:25'),('464780','Ahmed Ahmedov','2025-06-25 18:26:25','2025-06-25 19:26:25'),('181184','Roger Jensen','2025-06-25 18:26:25','2025-06-25 19:26:25'),('463514','Flogert Rama','2025-06-25 18:26:25','2025-06-25 19:26:25'),('463930','Giovanni Venturi','2025-06-25 18:26:25','2025-06-25 19:26:25'),('183848','Ornella Fumanelli','2025-06-25 18:26:25','2025-06-25 19:26:25'),('463926','Ergin Cinar','2025-06-25 18:26:25','2025-06-25 19:26:25'),('466075','Mehmet Durdu','2025-06-25 18:27:36','2025-06-25 19:27:36'),('468288','Aliheydar Huseynov','2025-06-25 18:27:36','2025-06-25 19:27:36'),('468908','Serkan Seker','2025-06-25 18:27:36','2025-06-25 19:27:36'),('80530','Francesca Dente','2025-06-25 18:27:36','2025-06-25 19:27:36'),('467316','Mahmud Abu Ismail','2025-06-25 18:27:36','2025-06-25 19:27:36'),('468241','Besim Cara','2025-06-25 18:27:36','2025-06-25 19:27:36'),('289295','Bandar Fahad','2025-06-25 18:27:36','2025-06-25 19:27:36'),('436802','Aleksandra Siniak','2025-06-25 18:27:36','2025-06-25 19:27:36'),('156235','Awni Ali Amayreh','2025-06-25 18:27:36','2025-06-25 19:27:36'),('288174','Attia Ali','2025-06-25 18:27:36','2025-06-25 19:27:36'),('469192','Rusen Yonlu','2025-06-25 18:27:36','2025-06-25 19:27:36'),('469200','Krishnakumar Alipammi','2025-06-25 18:27:36','2025-06-25 19:27:36'),('467052','Ramazan Orudzhev','2025-06-25 18:27:36','2025-06-25 19:27:36'),('468267','Luigia Nicchio','2025-06-25 18:27:36','2025-06-25 19:27:36'),('469122','Hakan Diravaci','2025-06-25 18:27:36','2025-06-25 19:27:36'),('468709','Serhan Aydal','2025-06-25 18:27:36','2025-06-25 19:27:36'),('399810','Adil Ghantus','2025-06-25 18:42:39','2025-06-25 19:42:39'),('86604','Filippo Marciante','2025-06-25 18:42:39','2025-06-25 19:42:39'),('399185','Amer Issa Haddad','2025-06-25 18:42:39','2025-06-25 19:42:39'),('400495','Elias Gadeon','2025-06-25 18:42:39','2025-06-25 19:42:39'),('399366','Nadir Bouzidi','2025-06-25 18:42:39','2025-06-25 19:42:39'),('400038','Riaz Munshi','2025-06-25 18:42:39','2025-06-25 19:42:39'),('423096','Elias Simaan','2025-06-25 18:42:39','2025-06-25 19:42:39'),('401164','Sabil Faur','2025-06-25 18:42:39','2025-06-25 19:42:39');
/*!40000 ALTER TABLE `guests` ENABLE KEYS */;
UNLOCK TABLES;

--
-- Table structure for table `login_attempts`
--

DROP TABLE IF EXISTS `login_attempts`;
/*!40101 SET @saved_cs_client     = @@character_set_client */;
/*!50503 SET character_set_client = utf8mb4 */;
CREATE TABLE `login_attempts` (
  `id` int NOT NULL AUTO_INCREMENT,
  `username` varchar(50) COLLATE utf8mb4_general_ci NOT NULL,
  `ip_address` varchar(45) COLLATE utf8mb4_general_ci NOT NULL,
  `attempt_time` timestamp NULL DEFAULT CURRENT_TIMESTAMP,
  PRIMARY KEY (`id`),
  KEY `idx_username_time` (`username`,`attempt_time`),
  KEY `idx_ip_time` (`ip_address`,`attempt_time`)
) ENGINE=MyISAM AUTO_INCREMENT=23 DEFAULT CHARSET=utf8mb4 COLLATE=utf8mb4_general_ci;
/*!40101 SET character_set_client = @saved_cs_client */;

--
-- Dumping data for table `login_attempts`
--

LOCK TABLES `login_attempts` WRITE;
/*!40000 ALTER TABLE `login_attempts` DISABLE KEYS */;
/*!40000 ALTER TABLE `login_attempts` ENABLE KEYS */;
UNLOCK TABLES;

--
-- Table structure for table `logs`
--

DROP TABLE IF EXISTS `logs`;
/*!40101 SET @saved_cs_client     = @@character_set_client */;
/*!50503 SET character_set_client = utf8mb4 */;
CREATE TABLE `logs` (
  `id` int NOT NULL AUTO_INCREMENT,
  `user_id` int DEFAULT NULL,
  `action` varchar(255) COLLATE utf8mb4_general_ci NOT NULL,
  `details` text COLLATE utf8mb4_general_ci,
  `ip_address` varchar(45) COLLATE utf8mb4_general_ci DEFAULT NULL,
  `created_at` timestamp NULL DEFAULT CURRENT_TIMESTAMP,
  PRIMARY KEY (`id`),
  KEY `user_id` (`user_id`)
) ENGINE=MyISAM AUTO_INCREMENT=390 DEFAULT CHARSET=utf8mb4 COLLATE=utf8mb4_general_ci;
/*!40101 SET character_set_client = @saved_cs_client */;

--
-- Dumping data for table `logs`
--

LOCK TABLES `logs` WRITE;
/*!40000 ALTER TABLE `logs` DISABLE KEYS */;
INSERT INTO `logs` VALUES (1,1,'logout','User logged out','::1','2025-05-26 11:32:35'),(2,1,'create_brand','Created brand: Bally','::1','2025-05-26 11:33:15'),(3,1,'create_machine','Created machine: 359','::1','2025-05-26 11:42:23'),(4,1,'delete_brand','Deleted brand: Konami','::1','2025-05-27 05:11:13'),(5,1,'delete_brand','Deleted brand: Scientific Games','::1','2025-05-27 05:11:23'),(6,1,'create_transaction','Created Handpay transaction for machine 359: $1,323.00','::1','2025-05-27 05:14:28'),(7,1,'create_machine','Created machine: 61','::1','2025-05-27 05:20:09'),(8,1,'delete_machine','Deleted machine: 61','::1','2025-05-27 05:43:46'),(9,1,'create_machine','Created machine: aaa','::1','2025-05-27 05:44:03'),(10,1,'delete_machine','Deleted machine: aaa','::1','2025-05-27 05:44:08'),(11,1,'create_brand','Created brand: sss','::1','2025-05-27 05:44:18'),(12,1,'update_brand','Updated brand: EGT','::1','2025-05-27 05:46:24'),(13,1,'update_brand','Updated brand: Bally','::1','2025-05-27 05:46:31'),(14,1,'delete_brand','Deleted brand: EGT','::1','2025-05-27 05:46:44'),(15,1,'create_brand','Created brand: EGT','::1','2025-05-27 05:46:56'),(16,1,'update_transaction','Updated transaction ID: 1','::1','2025-05-27 06:20:08'),(17,1,'create_machine','Created machine: 327','::1','2025-05-27 08:15:22'),(18,1,'create_machine','Created machine: 54','::1','2025-05-27 08:15:43'),(19,1,'create_brand','Created brand: Gambee','::1','2025-05-27 08:16:51'),(20,1,'update_brand','Updated brand: EGT','::1','2025-05-27 08:18:14'),(21,1,'update_brand','Updated brand: Gambee','::1','2025-05-27 08:18:18'),(22,1,'update_brand','Updated brand: Novomatic','::1','2025-05-27 08:18:28'),(23,1,'create_brand','Created brand: MD','::1','2025-05-27 08:19:03'),(24,1,'create_brand','Created brand: Gold Club','::1','2025-05-27 08:19:37'),(25,1,'create_machine','Created machine: 312','::1','2025-05-27 08:20:36'),(26,1,'create_transaction','Created Cash Drop transaction for machine 312: $1,388.00','::1','2025-05-27 08:21:09'),(27,1,'create_transaction','Created Cash Drop transaction for machine 327: $188.00','::1','2025-05-27 08:21:32'),(28,1,'create_transaction','Created Handpay transaction for machine 312: $1,900.00','::1','2025-05-27 08:22:35'),(29,1,'delete_transaction','Deleted transaction ID: 4','::1','2025-05-27 08:24:04'),(30,1,'create_transaction','Created Handpay transaction for machine 312: $1,999.00','::1','2025-05-27 08:24:23'),(31,1,'create_transaction','Created Refill transaction for machine 54: $125.00','::1','2025-05-27 08:31:46'),(32,1,'logout','User logged out','::1','2025-05-27 09:01:03'),(33,3,'logout','User logged out','::1','2025-05-27 09:03:37'),(34,2,'logout','User logged out','::1','2025-05-27 09:04:37'),(35,1,'create_machine','Created machine: 353','::1','2025-05-27 09:18:51'),(36,1,'update_machine','Updated machine: 353','::1','2025-05-27 09:18:55'),(37,1,'update_machine','Updated machine: 353','::1','2025-05-27 09:18:59'),(38,1,'update_machine','Updated machine: 353','::1','2025-05-27 09:19:03'),(39,1,'create_transaction','Created Cash Drop transaction for machine 353: $660.00','192.168.17.207','2025-05-27 13:01:28'),(40,1,'logout','User logged out','::1','2025-05-27 13:11:50'),(41,3,'logout','User logged out','::1','2025-05-27 17:53:35'),(42,1,'create_machine','Created machine: 61','::1','2025-05-27 17:54:35'),(43,1,'create_transaction','Created Refill transaction for machine 61: $125.00','::1','2025-05-27 17:55:13'),(44,1,'delete_transaction','Deleted transaction ID: 5','::1','2025-05-27 17:58:02'),(45,1,'create_machine','Created machine: 77','::1','2025-05-28 09:19:10'),(46,1,'create_transaction','Created Cash Drop transaction for machine 77: 1,200.00','::1','2025-05-28 09:19:32'),(47,1,'create_transaction','Created Handpay transaction for machine 77: 15.00','::1','2025-05-28 09:19:48'),(48,1,'create_transaction','Created Coins Drop transaction for machine 54: 266.00','::1','2025-05-28 09:22:46'),(49,1,'update_machine','Updated machine: 353','::1','2025-05-28 09:23:30'),(50,1,'create_machine','Created machine: 1','::1','2025-05-28 09:24:49'),(51,1,'create_transaction','Created Cash Drop transaction for machine 1: 144.00','::1','2025-05-28 09:25:04'),(52,1,'create_transaction','Created Ticket transaction for machine 1: 12.00','::1','2025-05-28 09:25:14'),(53,1,'update_transaction','Updated transaction ID: 10','::1','2025-05-28 09:25:34'),(54,1,'update_transaction','Updated transaction ID: 9','::1','2025-05-28 09:26:40'),(55,1,'delete_transaction','Deleted transaction ID: 9','::1','2025-05-28 09:27:50'),(56,1,'create_transaction','Created Cash Drop transaction for machine 77: 1,200.00','::1','2025-05-28 09:28:18'),(57,1,'create_machine','Created machine: 122','::1','2025-05-28 09:42:27'),(58,1,'create_transaction','Created Handpay transaction for machine 122: 10.00','::1','2025-05-28 09:42:43'),(59,1,'delete_transaction','Deleted transaction ID: 10','::1','2025-05-28 09:43:11'),(60,1,'delete_transaction','Deleted transaction ID: 14','::1','2025-05-28 09:43:20'),(61,1,'create_transaction','Created Handpay transaction for machine 77: 10.00','::1','2025-05-28 09:43:35'),(62,1,'create_transaction','Created Cash Drop transaction for machine 77: 100.00','::1','2025-05-28 09:43:43'),(63,1,'update_machine','Updated machine: 770','::1','2025-05-28 09:44:21'),(64,1,'update_machine','Updated machine: 770','::1','2025-05-28 09:44:50'),(65,1,'create_machine','Created machine: 999','::1','2025-05-28 09:45:26'),(66,1,'create_transaction','Created Handpay transaction for machine 999: 10.00','::1','2025-05-28 09:45:34'),(67,1,'create_transaction','Created Cash Drop transaction for machine 999: 88.50','::1','2025-05-28 09:45:46'),(68,1,'update_machine','Updated machine: 1','::1','2025-05-28 09:46:26'),(69,1,'create_brand','Created brand: saleh','::1','2025-05-28 09:47:16'),(70,1,'create_machine','Created machine: 8','::1','2025-05-28 09:47:36'),(71,1,'create_transaction','Created Ticket transaction for machine 8: 120.00','::1','2025-05-28 09:47:49'),(72,1,'create_transaction','Created Cash Drop transaction for machine 8: 500.00','::1','2025-05-28 09:47:59'),(73,1,'create_machine','Created machine: 777','::1','2025-05-28 11:32:05'),(74,1,'create_transaction','Created Cash Drop transaction for machine 777: 100.00','::1','2025-05-28 11:32:16'),(75,1,'create_transaction','Created Ticket transaction for machine 777: 20.00','::1','2025-05-28 11:32:25'),(76,1,'delete_machine','Deleted machine: 999','::1','2025-05-28 11:32:47'),(77,1,'delete_machine','Deleted machine: 8','::1','2025-05-28 11:33:33'),(78,1,'delete_machine','Deleted machine: 777','::1','2025-05-29 06:13:53'),(79,1,'create_transaction','Created Cash Drop transaction for machine 770: 40.00','::1','2025-05-29 07:18:37'),(80,1,'create_machine','Created machine: 97','::1','2025-05-29 07:36:53'),(81,1,'create_transaction','Created Cash Drop transaction for machine 97: 200.00','::1','2025-05-29 07:37:08'),(82,1,'create_transaction','Created Ticket transaction for machine 97: 190.00','::1','2025-05-29 07:37:21'),(83,1,'delete_brand','Deleted brand: saleh','::1','2025-05-29 09:23:25'),(84,1,'update_brand','Updated brand: Bally','::1','2025-05-29 09:56:45'),(85,1,'update_brand','Updated brand: EGT','::1','2025-05-29 09:57:08'),(86,1,'update_brand','Updated brand: Gambee','::1','2025-05-29 09:57:46'),(87,1,'logout','User logged out','::1','2025-05-29 17:37:25'),(88,1,'create_transaction','Created Cash Drop transaction for machine 122: 115.00','::1','2025-05-30 09:52:47'),(89,1,'update_transaction','Updated transaction ID: 27','::1','2025-05-30 09:56:38'),(90,1,'create_transaction','Created Cash Drop transaction for machine 359: 1,250.00','::1','2025-05-30 09:57:08'),(91,1,'logout','User logged out','::1','2025-05-30 11:31:03'),(92,1,'logout','User logged out','::1','2025-05-30 11:43:21'),(93,4,'create_transaction','Created Coins Drop transaction for machine 61: 198.00','::1','2025-05-30 11:54:18'),(94,4,'create_transaction','Created Refill transaction for machine 122: 125.00','::1','2025-05-30 17:16:11'),(95,4,'create_transaction','Created Handpay transaction for machine 1: 200.00','::1','2025-05-30 17:16:36'),(96,4,'logout','User logged out','::1','2025-05-31 08:44:55'),(97,3,'logout','User logged out','::1','2025-05-31 08:45:19'),(98,2,'logout','User logged out','::1','2025-05-31 08:45:36'),(99,3,'logout','User logged out','::1','2025-05-31 08:54:13'),(100,4,'logout','User logged out','::1','2025-05-31 08:55:20'),(101,5,'create_transaction','Created Cash Drop transaction for machine 359: 144.00','::1','2025-05-31 09:03:35'),(102,5,'create_transaction','Created Handpay transaction for machine 327: 122.00','::1','2025-05-31 09:03:44'),(103,5,'create_transaction','Created Cash Drop transaction for machine 1: 1,000.00','::1','2025-05-31 12:09:01'),(104,5,'update_transaction','Updated transaction ID: 32','::1','2025-05-31 12:09:10'),(105,5,'create_transaction','Created Handpay transaction for machine 61: 5,000.00','::1','2025-05-31 12:13:50'),(106,5,'update_transaction','Updated transaction ID: 35','::1','2025-05-31 12:14:07'),(107,5,'delete_transaction','Deleted transaction ID: 35','::1','2025-05-31 12:14:15'),(108,5,'update_transaction','Updated transaction ID: 33','::1','2025-05-31 12:14:34'),(109,5,'update_transaction','Updated transaction ID: 29','::1','2025-05-31 12:14:43'),(110,5,'update_transaction','Updated transaction ID: 30','::1','2025-05-31 12:14:52'),(111,5,'update_transaction','Updated transaction ID: 27','::1','2025-05-31 12:15:00'),(112,5,'update_transaction','Updated transaction ID: 6','::1','2025-05-31 12:15:08'),(113,5,'update_transaction','Updated transaction ID: 28','::1','2025-05-31 12:15:15'),(114,5,'update_transaction','Updated transaction ID: 8','::1','2025-05-31 12:15:23'),(115,5,'update_transaction','Updated transaction ID: 7','::1','2025-05-31 12:15:32'),(116,5,'update_transaction','Updated transaction ID: 15','::1','2025-05-31 12:15:41'),(117,5,'update_transaction','Updated transaction ID: 13','::1','2025-05-31 12:15:46'),(118,5,'update_transaction','Updated transaction ID: 12','::1','2025-05-31 12:15:55'),(119,5,'update_transaction','Updated transaction ID: 16','::1','2025-05-31 12:16:04'),(120,5,'update_transaction','Updated transaction ID: 11','::1','2025-05-31 12:16:10'),(121,5,'update_transaction','Updated transaction ID: 17','::1','2025-05-31 12:16:16'),(122,5,'update_transaction','Updated transaction ID: 26','::1','2025-05-31 12:16:26'),(123,5,'update_transaction','Updated transaction ID: 31','::1','2025-05-31 12:16:35'),(124,5,'update_transaction','Updated transaction ID: 24','::1','2025-05-31 12:16:45'),(125,5,'update_transaction','Updated transaction ID: 25','::1','2025-05-31 12:16:56'),(126,5,'update_transaction','Updated transaction ID: 25','::1','2025-05-31 12:40:17'),(127,1,'create_transaction','Created Cash Drop transaction for machine 97: 100.00','::1','2025-06-01 08:56:02'),(128,1,'create_transaction','Created Handpay transaction for machine 97: 50.00','::1','2025-06-01 08:56:10'),(129,1,'create_machine','Created machine: 325','::1','2025-06-01 09:09:25'),(130,1,'create_machine','Created machine: 354','::1','2025-06-01 09:10:04'),(131,1,'update_machine','Updated machine: 105','::1','2025-06-01 12:25:47'),(132,1,'update_machine','Updated machine: 122','::1','2025-06-01 12:26:04'),(133,1,'create_machine','Created machine: 338','::1','2025-06-01 12:30:20'),(134,1,'create_transaction','Created Cash Drop transaction for machine 338: 190.00','::1','2025-06-01 12:30:43'),(135,1,'update_machine','Updated machine: 276','::1','2025-06-01 12:31:54'),(136,1,'create_transaction','Created Ticket transaction for machine 105: 37.50','::1','2025-06-01 12:38:37'),(137,1,'create_transaction','Created Refill transaction for machine 61: 125.00','::1','2025-06-01 12:38:56'),(138,1,'create_transaction','Created Cash Drop transaction for machine 312: 500.00','::1','2025-06-02 05:21:35'),(139,1,'create_transaction','Created Cash Drop transaction for machine 105: 320.00','::1','2025-06-03 05:21:45'),(140,1,'create_transaction','Created Handpay transaction for machine 105: 36.00','::1','2025-06-03 05:21:55'),(141,1,'create_transaction','Created Refill transaction for machine 61: 125.00','::1','2025-06-03 05:22:02'),(142,1,'create_transaction','Created Handpay transaction for machine 61: 17.00','::1','2025-06-03 05:22:08'),(143,1,'create_transaction','Created Cash Drop transaction for machine 312: 500.00','::1','2025-06-03 05:22:20'),(144,1,'create_transaction','Created Ticket transaction for machine 312: 319.00','::1','2025-06-03 05:22:35'),(145,1,'create_transaction','Created Coins Drop transaction for machine 61: 223.00','::1','2025-06-03 05:31:11'),(146,1,'logout','User logged out','::1','2025-06-03 07:53:41'),(147,4,'logout','User logged out','::1','2025-06-03 07:54:04'),(148,4,'create_transaction','Created Coins Drop transaction for machine 61: 320.00','::1','2025-06-04 04:38:17'),(149,4,'create_transaction','Created Cash Drop transaction for machine 312: 120.00','::1','2025-06-04 04:38:25'),(150,4,'create_transaction','Created Handpay transaction for machine 770: 250.00','::1','2025-06-04 04:38:33'),(151,4,'create_transaction','Created Refill transaction for machine 61: 125.00','::1','2025-06-04 04:58:55'),(152,4,'create_transaction','Created Ticket transaction for machine 122: 103.00','::1','2025-06-04 04:59:49'),(153,4,'update_transaction','Updated transaction ID: 50','::1','2025-06-04 05:00:12'),(154,4,'logout','User logged out','::1','2025-06-04 16:03:55'),(155,4,'update_machine','Updated machine: 105','::1','2025-06-05 06:54:54'),(156,4,'update_machine','Updated machine: 122','::1','2025-06-05 06:55:13'),(157,4,'update_machine','Updated machine: 770','::1','2025-06-05 06:55:23'),(158,4,'update_machine','Updated machine: 61','::1','2025-06-05 06:55:32'),(159,4,'update_machine','Updated machine: 54','::1','2025-06-05 06:55:45'),(160,4,'update_machine','Updated machine: 325','::1','2025-06-05 06:55:51'),(161,4,'update_machine','Updated machine: 359','::1','2025-06-05 06:55:57'),(162,4,'update_machine','Updated machine: 354','::1','2025-06-05 06:56:04'),(163,4,'update_machine','Updated machine: 353','::1','2025-06-05 06:56:11'),(164,4,'update_machine','Updated machine: 338','::1','2025-06-05 06:56:18'),(165,4,'update_machine','Updated machine: 312','::1','2025-06-05 06:56:26'),(166,4,'update_machine','Updated machine: 276','::1','2025-06-05 06:56:33'),(167,4,'update_machine','Updated machine: 327','::1','2025-06-05 06:56:39'),(168,4,'create_machine_type','Created machine type: koskos','::1','2025-06-05 06:57:26'),(169,4,'delete_machine_type','Deleted machine type: koskos','::1','2025-06-05 06:58:25'),(170,4,'create_machine_type','Created machine type: sousou','::1','2025-06-05 07:31:59'),(171,4,'create_machine_type','Created machine type: lawlab','::1','2025-06-05 07:41:49'),(172,4,'create_machine_type','Created machine type: ssss','::1','2025-06-05 07:43:05'),(173,4,'create_machine_type','Created machine type: ssexy','::1','2025-06-05 07:45:52'),(174,4,'delete_machine_type','Deleted machine type: ssss','::1','2025-06-05 07:45:57'),(175,4,'delete_machine_type','Deleted machine type: ssexy','::1','2025-06-05 07:46:03'),(176,4,'delete_machine_type','Deleted machine type: sousou','::1','2025-06-05 07:46:10'),(177,4,'delete_machine_type','Deleted machine type: lawlab','::1','2025-06-05 07:46:20'),(178,4,'create_machine_type','Created machine type: Poker','::1','2025-06-05 10:32:41'),(179,4,'create_machine_type','Created machine type: sexy','::1','2025-06-05 10:44:51'),(180,4,'delete_machine_type','Deleted machine type: sexy','::1','2025-06-05 10:53:31'),(181,4,'delete_machine_type','Deleted machine type: Poker','::1','2025-06-05 11:00:59'),(182,4,'create_machine_type','Created machine type: asdd','::1','2025-06-05 11:01:06'),(183,4,'create_machine','Created machine: zzz','::1','2025-06-05 13:06:07'),(184,4,'delete_machine','Deleted machine: zzz','::1','2025-06-05 13:06:51'),(185,4,'delete_machine_type','Deleted machine type: asdd','::1','2025-06-05 13:07:14'),(186,4,'logout','User logged out','::1','2025-06-05 13:07:28'),(187,4,'create_machine_type','Created machine type: sawsan','::1','2025-06-06 05:24:42'),(188,4,'update_machine_type','Updated machine type: sawsan','::1','2025-06-06 05:27:10'),(189,4,'update_machine_type','Updated machine type: sawsan','::1','2025-06-06 05:27:13'),(190,4,'create_machine_type','Created machine type: loulou','::1','2025-06-06 05:27:26'),(191,4,'create_machine_type','Created machine type: guirgis','::1','2025-06-06 05:28:01'),(192,4,'delete_machine_type','Deleted machine type: loulou','::1','2025-06-06 05:28:05'),(193,4,'delete_machine_type','Deleted machine type: sawsan','::1','2025-06-06 05:28:09'),(194,4,'delete_machine_type','Deleted machine type: guirgis','::1','2025-06-06 05:28:12'),(195,4,'create_machine_type','Created machine type: Poker','::1','2025-06-06 07:39:15'),(196,4,'create_brand','Created brand: Apex','::1','2025-06-06 07:39:45'),(197,4,'create_machine','Created machine: 999','::1','2025-06-06 07:40:09'),(198,4,'create_transaction','Created Cash Drop transaction for machine 999: 1,439.00','::1','2025-06-06 07:40:32'),(199,4,'update_machine_type','Updated machine type: POKER','::1','2025-06-06 07:40:48'),(200,4,'update_brand','Updated brand: APEX','::1','2025-06-07 04:49:37'),(201,4,'update_brand','Updated brand: ARISTOCRAT','::1','2025-06-07 04:49:50'),(202,4,'update_brand','Updated brand: BALLY','::1','2025-06-07 04:49:56'),(203,4,'update_brand','Updated brand: NOVOMATIC','::1','2025-06-07 04:50:02'),(204,4,'update_brand','Updated brand: GOLD CLUB','::1','2025-06-07 04:50:11'),(205,4,'create_brand','Created brand: WMS','::1','2025-06-07 04:50:48'),(206,4,'update_machine','Updated machine: 105','::1','2025-06-07 06:40:25'),(207,4,'update_machine','Updated machine: 353','::1','2025-06-07 06:40:31'),(208,4,'update_machine','Updated machine: 999','::1','2025-06-07 06:40:39'),(209,4,'logout','User logged out','::1','2025-06-07 07:21:40'),(210,3,'logout','User logged out','::1','2025-06-07 07:22:07'),(211,4,'update_machine','Updated machine: 353','::1','2025-06-07 07:23:41'),(212,4,'create_machine_type','Created machine type: zz','::1','2025-06-07 08:16:46'),(213,4,'delete_machine_type','Deleted machine type: zz','::1','2025-06-07 08:16:51'),(214,4,'update_brand','Updated brand: APEX','::1','2025-06-07 08:17:01'),(215,4,'update_brand','Updated brand: APEX','::1','2025-06-07 08:17:06'),(216,4,'update_machine_type','Updated machine type: POKER','::1','2025-06-07 08:17:14'),(217,4,'update_machine','Updated machine: 61','::1','2025-06-07 09:18:01'),(218,4,'update_machine','Updated machine: 327','::1','2025-06-07 09:18:09'),(219,4,'update_machine','Updated machine: 359','::1','2025-06-07 09:18:17'),(220,4,'update_machine','Updated machine: 770','::1','2025-06-07 09:18:22'),(221,4,'update_machine','Updated machine: 54','::1','2025-06-07 09:18:29'),(222,4,'update_machine','Updated machine: 122','::1','2025-06-07 09:18:47'),(223,4,'update_machine','Updated machine: 276','::1','2025-06-07 09:18:51'),(224,4,'update_machine','Updated machine: 312','::1','2025-06-07 09:18:57'),(225,4,'update_machine','Updated machine: 325','::1','2025-06-07 09:19:01'),(226,4,'update_machine','Updated machine: 338','::1','2025-06-07 09:19:10'),(227,4,'update_machine','Updated machine: 354','::1','2025-06-07 09:19:21'),(228,4,'logout','User logged out','::1','2025-06-07 12:36:03'),(229,3,'logout','User logged out','::1','2025-06-07 20:09:33'),(230,1,'create_transaction','Created Handpay transaction for machine 122: 1,000.00','::1','2025-06-07 20:10:31'),(231,1,'logout','User logged out','::1','2025-06-08 05:18:55'),(232,4,'logout','User logged out','::1','2025-06-08 05:19:31'),(233,4,'logout','User logged out','::1','2025-06-08 05:20:16'),(234,5,'logout','User logged out','::1','2025-06-08 05:20:53'),(235,5,'create_transaction','Created Coins Drop transaction for machine 61: 140.00','192.168.17.207','2025-06-08 05:28:29'),(236,4,'create_machine_group','Created machine group: Guirgis with 3 machines','::1','2025-06-08 05:44:58'),(237,4,'create_machine_group','Created machine group: Mix Machines with 3 machines','::1','2025-06-08 05:45:51'),(238,4,'create_machine_group','Created machine group: Favorites with 6 machines','::1','2025-06-08 05:57:04'),(239,4,'create_transaction','Created Cash Drop transaction for machine 122: 259.00','::1','2025-06-08 08:18:15'),(240,4,'create_transaction','Created Cash Drop transaction for machine 312: 125.00','::1','2025-06-08 08:34:19'),(241,4,'create_transaction','Created Cash Drop transaction for machine 359: 547.00','::1','2025-06-08 08:34:30'),(242,4,'create_transaction','Created Handpay transaction for machine 105: 12.50','::1','2025-06-08 08:34:49'),(243,4,'create_transaction','Created Handpay transaction for machine 353: 19.00','::1','2025-06-08 08:34:54'),(244,4,'create_transaction','Created Handpay transaction for machine 770: 121.00','::1','2025-06-08 08:35:00'),(245,4,'create_transaction','Created Cash Drop transaction for machine 276: 12.00','::1','2025-06-08 08:42:43'),(246,4,'create_transaction','Created Handpay transaction for machine 999: 140.00','::1','2025-06-08 08:54:18'),(247,4,'create_transaction','Created Coins Drop transaction for machine 54: 200.00','::1','2025-06-08 08:54:27'),(248,4,'create_transaction','Created Cash Drop transaction for machine 105: 89.00','::1','2025-06-08 08:54:35'),(249,4,'create_transaction','Created Handpay transaction for machine 312: 33.00','::1','2025-06-08 08:55:59'),(250,4,'create_transaction','Created Handpay transaction for machine 276: 15.00','::1','2025-06-08 08:56:07'),(251,4,'create_transaction','Created Handpay transaction for machine 105: 99.00','::1','2025-06-08 08:56:11'),(252,4,'delete_machine_group','Deleted machine group: Guirgis','::1','2025-06-08 10:07:15'),(253,4,'create_machine_group','Created machine group: raf with 9 machines','::1','2025-06-08 10:07:56'),(254,4,'delete_machine_group','Deleted machine group: raf','::1','2025-06-08 10:08:02'),(255,4,'create_machine_group','Created machine group: raf with 6 machines','::1','2025-06-08 10:08:41'),(256,4,'delete_machine_group','Deleted machine group: raf','::1','2025-06-08 10:08:53'),(257,4,'create_machine_group','Created machine group: raf with 5 machines','::1','2025-06-08 10:09:21'),(258,4,'delete_machine_group','Deleted machine group: raf','::1','2025-06-08 10:09:36'),(259,4,'create_transaction','Created Cash Drop transaction for machine 354: 122.00','::1','2025-06-08 11:11:28'),(260,4,'create_transaction','Created Cash Drop transaction for machine 353: 199.00','::1','2025-06-08 11:11:34'),(261,4,'create_transaction','Created Cash Drop transaction for machine 105: 190.00','::1','2025-06-08 11:11:39'),(262,4,'logout','User logged out','::1','2025-06-08 11:12:11'),(263,2,'delete_transaction','Deleted transaction ID: 72','::1','2025-06-08 11:12:29'),(264,2,'logout','User logged out','::1','2025-06-09 05:54:59'),(265,5,'create_transaction','Created Refill transaction for machine 61: 125.00','192.168.17.66','2025-06-09 08:45:57'),(266,4,'update_brand','Updated brand: GAMBEE','::1','2025-06-09 10:57:22'),(267,4,'update_brand','Updated brand: APEX','::1','2025-06-09 10:58:20'),(268,4,'update_brand','Updated brand: GOLD CLUB','::1','2025-06-09 11:01:33'),(269,4,'update_brand','Updated brand: GOLD CLUB','::1','2025-06-09 11:02:04'),(270,5,'create_transaction','Created Handpay transaction for machine 312: 1,000.00','192.168.17.66','2025-06-09 17:42:58'),(271,5,'create_machine_group','Created machine group: new machine with 3 machines','192.168.17.66','2025-06-10 17:52:05'),(272,5,'update_transaction','Updated transaction ID: 69','192.168.17.66','2025-06-10 21:27:22'),(273,5,'update_machine','Updated machine: 325','192.168.17.66','2025-06-10 22:40:45'),(274,5,'update_machine','Updated machine: 325','192.168.17.66','2025-06-10 22:41:27'),(275,5,'logout','User logged out','192.168.17.66','2025-06-11 04:14:11'),(276,7,'logout','User logged out','192.168.17.66','2025-06-11 04:14:40'),(277,3,'update_profile','Updated profile information','::1','2025-06-11 08:49:13'),(278,1,'update_machine_group','Updated machine group: Mix Machines with 5 machines','::1','2025-06-11 09:17:44'),(279,1,'update_transaction','Updated transaction ID: 67','::1','2025-06-11 09:34:38'),(280,1,'logout','User logged out','::1','2025-06-11 12:28:26'),(281,3,'logout','User logged out','::1','2025-06-11 12:37:47'),(282,4,'create_transaction','Created Handpay transaction for machine 999: 5,000.00','::1','2025-06-12 05:18:01'),(283,4,'delete_transaction','Deleted transaction ID: 75','::1','2025-06-12 05:19:26'),(284,4,'create_transaction','Created Handpay transaction for machine 61: 14.00','::1','2025-06-12 09:00:22'),(285,4,'create_transaction','Created Handpay transaction for machine 999: 5,000.00','::1','2025-06-12 09:17:57'),(286,4,'delete_transaction','Deleted transaction ID: 77','::1','2025-06-12 09:18:15'),(287,4,'logout','User logged out','::1','2025-06-12 09:19:07'),(288,3,'logout','User logged out','::1','2025-06-12 11:31:59'),(289,4,'update_transaction','Updated transaction ID: 54','::1','2025-06-12 11:32:25'),(290,4,'logout','User logged out','::1','2025-06-13 08:13:39'),(291,1,'login','User logged in successfully','::1','2025-06-13 08:14:13'),(292,1,'logout','User logged out','::1','2025-06-13 08:14:16'),(293,4,'login','User logged in successfully','::1','2025-06-13 08:14:22'),(294,4,'logout','User logged out','::1','2025-06-13 08:32:35'),(295,4,'login','User logged in successfully','::1','2025-06-13 08:33:03'),(296,4,'login','User logged in successfully','::1','2025-06-13 11:41:41'),(297,4,'logout','User logged out','::1','2025-06-13 12:46:38'),(298,4,'login','User logged in successfully','::1','2025-06-14 06:15:52'),(299,4,'update_brand','Updated brand: SCIENTIFIC GAMES','::1','2025-06-14 07:40:52'),(300,4,'update_brand','Updated brand: KONAMI','::1','2025-06-14 07:41:00'),(301,4,'login','User logged in successfully','::1','2025-06-14 08:30:33'),(302,4,'delete_user','Deleted user: admin','::1','2025-06-14 08:56:35'),(303,4,'delete_user','Deleted user: editor','::1','2025-06-14 08:57:32'),(304,4,'create_machine_type','Created machine type: new fucking type','::1','2025-06-14 09:06:09'),(305,4,'create_machine','Created machine: 222','::1','2025-06-14 09:06:37'),(306,4,'delete_machine','Deleted machine: 222','::1','2025-06-14 09:07:09'),(307,4,'delete_machine_type','Deleted machine type: new fucking type','::1','2025-06-14 09:07:15'),(308,4,'logout','User logged out','::1','2025-06-14 09:08:22'),(309,3,'login','User logged in successfully','::1','2025-06-14 09:08:35'),(310,4,'login','User logged in successfully','192.168.17.37','2025-06-14 11:03:56'),(311,4,'login','User logged in successfully','::1','2025-06-18 07:12:01'),(312,4,'login','User logged in successfully','::1','2025-06-18 09:51:36'),(313,4,'login','User logged in successfully','::1','2025-06-20 11:24:34'),(314,3,'login','User logged in successfully','::1','2025-06-20 15:20:51'),(315,3,'logout','User logged out','::1','2025-06-20 16:02:33'),(316,4,'login','User logged in successfully','::1','2025-06-20 16:02:56'),(317,5,'login','User logged in successfully','192.168.17.66','2025-06-22 18:20:49'),(318,5,'upload_guest_data','Uploaded guest data for date: 2025-06-22, Records: 47','192.168.17.66','2025-06-22 18:49:23'),(319,5,'login','User logged in successfully','192.168.17.66','2025-06-22 20:01:01'),(320,5,'logout','User logged out','192.168.17.66','2025-06-22 20:05:49'),(321,7,'login','User logged in successfully','192.168.17.66','2025-06-22 20:06:02'),(322,7,'logout','User logged out','192.168.17.66','2025-06-22 20:07:51'),(323,6,'login','User logged in successfully','192.168.17.66','2025-06-22 20:07:58'),(324,6,'logout','User logged out','192.168.17.66','2025-06-22 20:37:00'),(325,5,'login','User logged in successfully','192.168.17.66','2025-06-22 20:37:06'),(326,5,'login','User logged in successfully','::1','2025-06-22 21:17:46'),(327,5,'login','User logged in successfully','192.168.17.66','2025-06-22 21:19:44'),(328,5,'login','User logged in successfully','192.168.17.66','2025-06-22 23:15:17'),(329,5,'upload_guest_data','Uploaded guest data for date: 2025-01-31, Records: 47','192.168.17.66','2025-06-22 23:25:05'),(330,5,'delete_guest_upload','Deleted guest upload for date: 2025-06-22, Records: 47, Cleaned guests: 39','192.168.17.66','2025-06-22 23:26:02'),(331,5,'delete_guest_upload','Deleted guest upload for date: 2025-01-31, Records: 47, Cleaned guests: 47','192.168.17.66','2025-06-22 23:26:09'),(332,5,'upload_guest_data','Uploaded guest data for date: 2025-01-31, Records: 42','192.168.17.66','2025-06-22 23:27:13'),(333,5,'upload_guest_data','Uploaded guest data for date: 2025-02-28, Records: 37','192.168.17.66','2025-06-22 23:28:13'),(334,5,'upload_guest_data','Uploaded guest data for date: 2025-03-31, Records: 52','192.168.17.66','2025-06-22 23:31:26'),(335,5,'upload_guest_data','Uploaded guest data for date: 2025-04-30, Records: 57','192.168.17.66','2025-06-22 23:32:23'),(336,5,'upload_guest_data','Uploaded guest data for date: 2025-05-30, Records: 47','192.168.17.66','2025-06-22 23:33:11'),(337,5,'logout','User logged out','192.168.17.66','2025-06-23 00:04:02'),(338,6,'login','User logged in successfully','192.168.17.66','2025-06-23 00:04:08'),(339,6,'logout','User logged out','192.168.17.66','2025-06-23 00:42:24'),(340,5,'login','User logged in successfully','192.168.17.66','2025-06-23 00:42:34'),(341,5,'login','User logged in successfully','192.168.17.66','2025-06-23 02:03:48'),(342,5,'create_transaction','Created Handpay transaction for machine 105: $200.00','192.168.17.66','2025-06-23 02:04:11'),(343,5,'create_transaction','Created Handpay transaction for machine 122: $300.00','192.168.17.66','2025-06-23 02:04:21'),(344,5,'create_transaction','Created Handpay transaction for machine 276: $300.50','192.168.17.66','2025-06-23 02:04:31'),(345,5,'login','User logged in successfully','192.168.17.66','2025-06-23 03:27:56'),(346,5,'login','User logged in successfully','192.168.17.66','2025-06-23 17:33:05'),(347,5,'login','User logged in successfully','192.168.17.66','2025-06-23 18:58:33'),(348,5,'login','User logged in successfully','192.168.17.66','2025-06-23 20:26:03'),(349,5,'update_transaction','Updated transaction ID: 73','192.168.17.66','2025-06-23 20:28:31'),(350,5,'login','User logged in successfully','192.168.17.66','2025-06-23 23:18:25'),(351,5,'login','User logged in successfully','::1','2025-06-24 00:10:48'),(352,5,'login','User logged in successfully','192.168.17.66','2025-06-24 20:15:39'),(353,5,'logout','User logged out','192.168.17.66','2025-06-24 21:58:38'),(354,6,'login','User logged in successfully','192.168.17.66','2025-06-24 21:59:12'),(355,5,'login','User logged in successfully','192.168.17.66','2025-06-24 23:15:34'),(356,5,'update_machine','Updated machine: 105','192.168.17.66','2025-06-24 23:16:49'),(357,4,'login','User logged in successfully','::1','2025-06-25 05:51:41'),(358,4,'login','User logged in successfully','::1','2025-06-25 08:40:14'),(359,4,'login','User logged in successfully','::1','2025-06-25 11:08:54'),(360,4,'login','User logged in successfully','::1','2025-06-25 12:51:37'),(361,4,'logout','User logged out','::1','2025-06-25 12:51:43'),(362,5,'login','User logged in successfully','192.168.17.66','2025-06-25 18:05:17'),(363,5,'login','User logged in successfully','192.168.17.66','2025-06-25 19:16:02'),(364,5,'upload_guest_data','Uploaded guest data for date: 2024-01-25, Records: 47','192.168.17.66','2025-06-25 19:17:44'),(365,5,'upload_guest_data','Uploaded guest data for date: 2024-02-29, Records: 24','192.168.17.66','2025-06-25 19:19:02'),(366,5,'upload_guest_data','Uploaded guest data for date: 2024-03-31, Records: 21','192.168.17.66','2025-06-25 19:19:50'),(367,5,'upload_guest_data','Uploaded guest data for date: 2024-04-30, Records: 35','192.168.17.66','2025-06-25 19:20:44'),(368,5,'upload_guest_data','Uploaded guest data for date: 2024-05-31, Records: 40','192.168.17.66','2025-06-25 19:21:27'),(369,5,'upload_guest_data','Uploaded guest data for date: 2024-06-30, Records: 37','192.168.17.66','2025-06-25 19:22:06'),(370,5,'upload_guest_data','Uploaded guest data for date: 2024-07-31, Records: 32','192.168.17.66','2025-06-25 19:23:17'),(371,5,'upload_guest_data','Uploaded guest data for date: 2025-08-31, Records: 28','192.168.17.66','2025-06-25 19:23:59'),(372,5,'upload_guest_data','Uploaded guest data for date: 2024-09-30, Records: 28','192.168.17.66','2025-06-25 19:24:45'),(373,5,'upload_guest_data','Uploaded guest data for date: 2024-10-31, Records: 30','192.168.17.66','2025-06-25 19:25:18'),(374,5,'upload_guest_data','Uploaded guest data for date: 2024-11-30, Records: 33','192.168.17.66','2025-06-25 19:26:25'),(375,5,'upload_guest_data','Uploaded guest data for date: 2024-12-31, Records: 32','192.168.17.66','2025-06-25 19:27:36'),(376,5,'delete_guest_upload','Deleted guest upload for date: 2025-08-31, Records: 28, Cleaned guests: 19','192.168.17.66','2025-06-25 19:37:01'),(377,5,'upload_guest_data','Uploaded guest data for date: 2024-08-31, Records: 28','192.168.17.66','2025-06-25 19:38:09'),(378,5,'delete_guest_upload','Deleted guest upload for date: 2024-08-31, Records: 28, Cleaned guests: 19','192.168.17.66','2025-06-25 19:39:59'),(379,5,'upload_guest_data','Uploaded guest data for date: 2024-08-31, Records: 28','192.168.17.66','2025-06-25 19:40:17'),(380,5,'delete_guest_upload','Deleted guest upload for date: 2024-08-31, Records: 28, Cleaned guests: 19','192.168.17.66','2025-06-25 19:41:21'),(381,5,'upload_guest_data','Uploaded guest data for date: 2024-08-30, Records: 28','192.168.17.66','2025-06-25 19:42:39'),(382,5,'login','User logged in successfully','192.168.17.66','2025-06-25 21:43:04'),(383,4,'login','User logged in successfully','::1','2025-06-26 06:23:47'),(384,4,'login','User logged in successfully','::1','2025-06-26 08:18:14'),(385,4,'login','User logged in successfully','::1','2025-06-26 19:05:02'),(386,5,'login','User logged in successfully','192.168.17.66','2025-06-26 19:20:28'),(387,4,'login','User logged in successfully','::1','2025-06-27 12:54:56'),(388,5,'login','User logged in successfully','192.168.17.66','2025-06-27 13:00:36'),(389,4,'update_transaction','Updated transaction ID: 79','::1','2025-06-27 13:13:44');
/*!40000 ALTER TABLE `logs` ENABLE KEYS */;
UNLOCK TABLES;

--
-- Table structure for table `machine_group_members`
--

DROP TABLE IF EXISTS `machine_group_members`;
/*!40101 SET @saved_cs_client     = @@character_set_client */;
/*!50503 SET character_set_client = utf8mb4 */;
CREATE TABLE `machine_group_members` (
  `id` int NOT NULL AUTO_INCREMENT,
  `group_id` int NOT NULL,
  `machine_id` int NOT NULL,
  `created_at` timestamp NULL DEFAULT CURRENT_TIMESTAMP,
  PRIMARY KEY (`id`),
  UNIQUE KEY `unique_group_machine` (`group_id`,`machine_id`),
  KEY `idx_machine_group_members_group_id` (`group_id`),
  KEY `idx_machine_group_members_machine_id` (`machine_id`)
) ENGINE=MyISAM AUTO_INCREMENT=41 DEFAULT CHARSET=utf8mb4 COLLATE=utf8mb4_general_ci;
/*!40101 SET character_set_client = @saved_cs_client */;

--
-- Dumping data for table `machine_group_members`
--

LOCK TABLES `machine_group_members` WRITE;
/*!40000 ALTER TABLE `machine_group_members` DISABLE KEYS */;
INSERT INTO `machine_group_members` VALUES (33,7,10,'2025-06-10 17:52:05'),(39,2,17,'2025-06-11 09:17:44'),(37,2,6,'2025-06-11 09:17:44'),(38,2,7,'2025-06-11 09:17:44'),(36,2,15,'2025-06-11 09:17:44'),(7,3,10,'2025-06-08 05:57:04'),(8,3,11,'2025-06-08 05:57:04'),(9,3,6,'2025-06-08 05:57:04'),(10,3,4,'2025-06-08 05:57:04'),(11,3,18,'2025-06-08 05:57:04'),(12,3,20,'2025-06-08 05:57:04'),(34,7,16,'2025-06-10 17:52:05'),(35,7,17,'2025-06-10 17:52:05'),(40,2,8,'2025-06-11 09:17:44');
/*!40000 ALTER TABLE `machine_group_members` ENABLE KEYS */;
UNLOCK TABLES;

--
-- Table structure for table `machine_groups`
--

DROP TABLE IF EXISTS `machine_groups`;
/*!40101 SET @saved_cs_client     = @@character_set_client */;
/*!50503 SET character_set_client = utf8mb4 */;
CREATE TABLE `machine_groups` (
  `id` int NOT NULL AUTO_INCREMENT,
  `name` varchar(100) COLLATE utf8mb4_general_ci NOT NULL,
  `description` text COLLATE utf8mb4_general_ci,
  `created_at` timestamp NULL DEFAULT CURRENT_TIMESTAMP,
  `updated_at` timestamp NULL DEFAULT CURRENT_TIMESTAMP ON UPDATE CURRENT_TIMESTAMP,
  PRIMARY KEY (`id`),
  UNIQUE KEY `name` (`name`),
  KEY `idx_machine_groups_name` (`name`)
) ENGINE=MyISAM AUTO_INCREMENT=8 DEFAULT CHARSET=utf8mb4 COLLATE=utf8mb4_general_ci;
/*!40101 SET character_set_client = @saved_cs_client */;

--
-- Dumping data for table `machine_groups`
--

LOCK TABLES `machine_groups` WRITE;
/*!40000 ALTER TABLE `machine_groups` DISABLE KEYS */;
INSERT INTO `machine_groups` VALUES (7,'new machine','new machine start 1/5/2025','2025-06-10 17:52:05','2025-06-10 17:52:05'),(2,'Mix Machines','mix of status','2025-06-08 05:45:51','2025-06-08 05:45:51'),(3,'Favorites','best of the best','2025-06-08 05:57:04','2025-06-08 05:57:04');
/*!40000 ALTER TABLE `machine_groups` ENABLE KEYS */;
UNLOCK TABLES;

--
-- Table structure for table `machine_types`
--

DROP TABLE IF EXISTS `machine_types`;
/*!40101 SET @saved_cs_client     = @@character_set_client */;
/*!50503 SET character_set_client = utf8mb4 */;
CREATE TABLE `machine_types` (
  `id` int NOT NULL AUTO_INCREMENT,
  `name` varchar(50) CHARACTER SET utf8mb4 COLLATE utf8mb4_general_ci NOT NULL,
  `description` text CHARACTER SET utf8mb4 COLLATE utf8mb4_general_ci,
  `created_at` timestamp NULL DEFAULT CURRENT_TIMESTAMP,
  `updated_at` timestamp NULL DEFAULT CURRENT_TIMESTAMP ON UPDATE CURRENT_TIMESTAMP,
  PRIMARY KEY (`id`),
  UNIQUE KEY `name` (`name`)
) ENGINE=MyISAM AUTO_INCREMENT=18 DEFAULT CHARSET=utf8mb4 COLLATE=utf8mb4_general_ci;
/*!40101 SET character_set_client = @saved_cs_client */;

--
-- Dumping data for table `machine_types`
--

LOCK TABLES `machine_types` WRITE;
/*!40000 ALTER TABLE `machine_types` DISABLE KEYS */;
INSERT INTO `machine_types` VALUES (1,'CASH','Cash-based slot machine','2025-06-05 06:52:21','2025-06-05 06:52:21'),(2,'COINS','Coin-operated slot machine','2025-06-05 06:52:21','2025-06-05 06:52:21'),(3,'GAMBEE','Gambee electronic gaming machine','2025-06-05 06:52:21','2025-06-05 06:52:21'),(15,'POKER','All new poker machines','2025-06-06 07:39:15','2025-06-06 07:40:48');
/*!40000 ALTER TABLE `machine_types` ENABLE KEYS */;
UNLOCK TABLES;

--
-- Table structure for table `machines`
--

DROP TABLE IF EXISTS `machines`;
/*!40101 SET @saved_cs_client     = @@character_set_client */;
/*!50503 SET character_set_client = utf8mb4 */;
CREATE TABLE `machines` (
  `id` int NOT NULL AUTO_INCREMENT,
  `machine_number` varchar(50) COLLATE utf8mb4_general_ci NOT NULL,
  `brand_id` int DEFAULT NULL,
  `model` varchar(100) COLLATE utf8mb4_general_ci NOT NULL,
  `type_id` int DEFAULT NULL,
  `credit_value` decimal(10,2) NOT NULL,
  `manufacturing_year` int DEFAULT NULL,
  `ip_address` varchar(15) COLLATE utf8mb4_general_ci DEFAULT NULL,
  `mac_address` varchar(17) COLLATE utf8mb4_general_ci DEFAULT NULL,
  `serial_number` varchar(100) COLLATE utf8mb4_general_ci DEFAULT NULL,
  `status` enum('Active','Inactive','Maintenance','Reserved') COLLATE utf8mb4_general_ci NOT NULL DEFAULT 'Active',
  `created_at` timestamp NULL DEFAULT CURRENT_TIMESTAMP,
  `updated_at` timestamp NULL DEFAULT CURRENT_TIMESTAMP ON UPDATE CURRENT_TIMESTAMP,
  PRIMARY KEY (`id`),
  UNIQUE KEY `machine_number` (`machine_number`),
  UNIQUE KEY `serial_number` (`serial_number`),
  KEY `brand_id` (`brand_id`),
  KEY `type_id` (`type_id`)
) ENGINE=MyISAM AUTO_INCREMENT=22 DEFAULT CHARSET=utf8mb4 COLLATE=utf8mb4_general_ci;
/*!40101 SET character_set_client = @saved_cs_client */;

--
-- Dumping data for table `machines`
--

LOCK TABLES `machines` WRITE;
/*!40000 ALTER TABLE `machines` DISABLE KEYS */;
INSERT INTO `machines` VALUES (1,'359',6,'Top',1,0.01,2019,NULL,NULL,'129478','Active','2025-05-26 11:42:23','2025-06-07 09:18:17'),(4,'327',8,'Ambola',1,0.01,2001,NULL,NULL,'789754','Active','2025-05-27 08:15:22','2025-06-07 09:18:09'),(5,'54',1,'Reels',2,0.25,1995,NULL,NULL,'5214477','Active','2025-05-27 08:15:43','2025-06-07 09:18:29'),(6,'312',9,'GP4 - GP Electronic Roulette',3,0.25,2006,NULL,NULL,'1147444','Active','2025-05-27 08:20:36','2025-06-07 09:18:57'),(7,'353',11,'N/A',1,0.01,2006,NULL,NULL,'4451','Maintenance','2025-05-27 09:18:51','2025-06-07 07:23:41'),(8,'61',1,'Reels',2,0.25,1902,NULL,NULL,'171819','Active','2025-05-27 17:54:35','2025-06-07 09:18:01'),(9,'770',6,'Magic Touch',1,0.25,2001,NULL,NULL,'9987421','Active','2025-05-28 09:19:10','2025-06-07 09:18:22'),(10,'105',10,'Number 1',1,0.25,1910,NULL,NULL,'521547','Inactive','2025-05-28 09:24:49','2025-06-24 23:16:49'),(11,'122',2,'Multi Game',1,1.00,NULL,NULL,NULL,'4587545','Active','2025-05-28 09:42:27','2025-06-07 09:18:47'),(16,'325',1,'G23',1,0.01,2005,NULL,NULL,'12184','Maintenance','2025-06-01 09:09:25','2025-06-10 22:41:27'),(15,'276',10,'Shamboury',1,1.00,1999,NULL,NULL,'12457','Active','2025-05-29 07:36:53','2025-06-07 09:18:51'),(17,'354',11,'N/A',1,0.05,2009,NULL,NULL,'1217','Inactive','2025-06-01 09:10:04','2025-06-07 09:19:21'),(18,'338',5,'Admiral',1,0.01,2015,NULL,NULL,'234254','Active','2025-06-01 12:30:20','2025-06-07 09:19:10'),(20,'999',13,'Tower',15,0.05,2024,NULL,NULL,'19687','Active','2025-06-06 07:40:09','2025-06-07 06:40:39');
/*!40000 ALTER TABLE `machines` ENABLE KEYS */;
UNLOCK TABLES;

--
-- Table structure for table `security_logs`
--

DROP TABLE IF EXISTS `security_logs`;
/*!40101 SET @saved_cs_client     = @@character_set_client */;
/*!50503 SET character_set_client = utf8mb4 */;
CREATE TABLE `security_logs` (
  `id` int NOT NULL AUTO_INCREMENT,
  `event_type` varchar(100) COLLATE utf8mb4_general_ci NOT NULL,
  `details` text COLLATE utf8mb4_general_ci,
  `severity` enum('INFO','WARNING','ERROR','CRITICAL') COLLATE utf8mb4_general_ci NOT NULL DEFAULT 'INFO',
  `ip_address` varchar(45) COLLATE utf8mb4_general_ci DEFAULT NULL,
  `user_agent` text COLLATE utf8mb4_general_ci,
  `user_id` int DEFAULT NULL,
  `created_at` timestamp NULL DEFAULT CURRENT_TIMESTAMP,
  PRIMARY KEY (`id`),
  KEY `user_id` (`user_id`),
  KEY `idx_event_type` (`event_type`),
  KEY `idx_severity` (`severity`),
  KEY `idx_created_at` (`created_at`)
) ENGINE=MyISAM AUTO_INCREMENT=101 DEFAULT CHARSET=utf8mb4 COLLATE=utf8mb4_general_ci;
/*!40101 SET character_set_client = @saved_cs_client */;

--
-- Dumping data for table `security_logs`
--

LOCK TABLES `security_logs` WRITE;
/*!40000 ALTER TABLE `security_logs` DISABLE KEYS */;
INSERT INTO `security_logs` VALUES (1,'LOGIN_FAILED','Username: admin, IP: ::1','WARNING','::1','Mozilla/5.0 (Windows NT 10.0; Win64; x64) AppleWebKit/537.36 (KHTML, like Gecko) Chrome/137.0.0.0 Safari/537.36',NULL,'2025-06-13 05:14:00'),(2,'LOGIN_FAILED','Username: admin, IP: ::1','WARNING','::1','Mozilla/5.0 (Windows NT 10.0; Win64; x64) AppleWebKit/537.36 (KHTML, like Gecko) Chrome/137.0.0.0 Safari/537.36',NULL,'2025-06-13 05:14:07'),(3,'LOGIN_SUCCESS','Username: admin','INFO','::1','Mozilla/5.0 (Windows NT 10.0; Win64; x64) AppleWebKit/537.36 (KHTML, like Gecko) Chrome/137.0.0.0 Safari/537.36',1,'2025-06-13 05:14:13'),(4,'LOGIN_SUCCESS','Username: raf','INFO','::1','Mozilla/5.0 (Windows NT 10.0; Win64; x64) AppleWebKit/537.36 (KHTML, like Gecko) Chrome/137.0.0.0 Safari/537.36',4,'2025-06-13 05:14:22'),(5,'LOGIN_FAILED','Username: raf, IP: ::1','WARNING','::1','Mozilla/5.0 (Windows NT 10.0; Win64; x64) AppleWebKit/537.36 (KHTML, like Gecko) Chrome/137.0.0.0 Safari/537.36',NULL,'2025-06-13 05:32:57'),(6,'LOGIN_SUCCESS','Username: raf','INFO','::1','Mozilla/5.0 (Windows NT 10.0; Win64; x64) AppleWebKit/537.36 (KHTML, like Gecko) Chrome/137.0.0.0 Safari/537.36',4,'2025-06-13 05:33:03'),(7,'SESSION_TIMEOUT','User session expired','INFO','::1','Mozilla/5.0 (Windows NT 10.0; Win64; x64) AppleWebKit/537.36 (KHTML, like Gecko) Chrome/137.0.0.0 Safari/537.36',NULL,'2025-06-13 08:08:18'),(8,'LOGIN_SUCCESS','Username: raf','INFO','::1','Mozilla/5.0 (Windows NT 10.0; Win64; x64) AppleWebKit/537.36 (KHTML, like Gecko) Chrome/137.0.0.0 Safari/537.36',4,'2025-06-13 08:41:41'),(9,'SESSION_TIMEOUT','User session expired','INFO','::1','Mozilla/5.0 (Windows NT 10.0; Win64; x64) AppleWebKit/537.36 (KHTML, like Gecko) Chrome/137.0.0.0 Safari/537.36',NULL,'2025-06-14 02:57:38'),(10,'LOGIN_SUCCESS','Username: raf','INFO','::1','Mozilla/5.0 (Windows NT 10.0; Win64; x64) AppleWebKit/537.36 (KHTML, like Gecko) Chrome/137.0.0.0 Safari/537.36',4,'2025-06-14 03:15:52'),(11,'LOGIN_SUCCESS','Username: raf','INFO','::1','Mozilla/5.0 (Windows NT 10.0; Win64; x64) AppleWebKit/537.36 (KHTML, like Gecko) Chrome/137.0.0.0 Safari/537.36',4,'2025-06-14 05:30:33'),(12,'LOGIN_FAILED','Username: viewer, IP: ::1','WARNING','::1','Mozilla/5.0 (Windows NT 10.0; Win64; x64) AppleWebKit/537.36 (KHTML, like Gecko) Chrome/137.0.0.0 Safari/537.36',NULL,'2025-06-14 06:08:29'),(13,'LOGIN_SUCCESS','Username: viewer','INFO','::1','Mozilla/5.0 (Windows NT 10.0; Win64; x64) AppleWebKit/537.36 (KHTML, like Gecko) Chrome/137.0.0.0 Safari/537.36',3,'2025-06-14 06:08:35'),(14,'LOGIN_SUCCESS','Username: raf','INFO','192.168.17.37','Mozilla/5.0 (Windows NT 10.0; Win64; x64) AppleWebKit/537.36 (KHTML, like Gecko) Chrome/137.0.0.0 Safari/537.36 Edg/137.0.0.0',4,'2025-06-14 08:03:56'),(15,'SESSION_TIMEOUT','User session expired','INFO','::1','Mozilla/5.0 (Windows NT 10.0; Win64; x64) AppleWebKit/537.36 (KHTML, like Gecko) Chrome/137.0.0.0 Safari/537.36',NULL,'2025-06-14 08:42:23'),(16,'LOGIN_FAILED','Username: raf, IP: ::1','WARNING','::1','Mozilla/5.0 (Windows NT 10.0; Win64; x64) AppleWebKit/537.36 (KHTML, like Gecko) Chrome/137.0.0.0 Safari/537.36',NULL,'2025-06-14 08:42:48'),(17,'LOGIN_FAILED','Username: raf, IP: ::1','WARNING','::1','Mozilla/5.0 (Windows NT 10.0; Win64; x64) AppleWebKit/537.36 (KHTML, like Gecko) Chrome/137.0.0.0 Safari/537.36',NULL,'2025-06-14 08:42:52'),(18,'LOGIN_FAILED','Username: raf, IP: ::1','WARNING','::1','Mozilla/5.0 (Windows NT 10.0; Win64; x64) AppleWebKit/537.36 (KHTML, like Gecko) Chrome/137.0.0.0 Safari/537.36',NULL,'2025-06-14 08:42:56'),(19,'LOGIN_FAILED','Username: raf, IP: ::1','WARNING','::1','Mozilla/5.0 (Windows NT 10.0; Win64; x64) AppleWebKit/537.36 (KHTML, like Gecko) Chrome/137.0.0.0 Safari/537.36',NULL,'2025-06-14 08:43:00'),(20,'LOGIN_FAILED','Username: viewer, IP: ::1','WARNING','::1','Mozilla/5.0 (Windows NT 10.0; Win64; x64) AppleWebKit/537.36 (KHTML, like Gecko) Chrome/137.0.0.0 Safari/537.36',NULL,'2025-06-14 08:43:08'),(21,'LOGIN_LOCKOUT','Username: viewer, IP: ::1','WARNING','::1','Mozilla/5.0 (Windows NT 10.0; Win64; x64) AppleWebKit/537.36 (KHTML, like Gecko) Chrome/137.0.0.0 Safari/537.36',NULL,'2025-06-14 08:43:13'),(22,'LOGIN_LOCKOUT','Username: raf, IP: ::1','WARNING','::1','Mozilla/5.0 (Windows NT 10.0; Win64; x64) AppleWebKit/537.36 (KHTML, like Gecko) Chrome/137.0.0.0 Safari/537.36',NULL,'2025-06-14 08:43:22'),(23,'SESSION_TIMEOUT','User session expired','INFO','::1','Mozilla/5.0 (Windows NT 10.0; Win64; x64) AppleWebKit/537.36 (KHTML, like Gecko) Chrome/137.0.0.0 Safari/537.36',NULL,'2025-06-17 01:48:05'),(24,'LOGIN_SUCCESS','Username: raf','INFO','::1','Mozilla/5.0 (Windows NT 10.0; Win64; x64) AppleWebKit/537.36 (KHTML, like Gecko) Chrome/137.0.0.0 Safari/537.36',4,'2025-06-18 04:12:01'),(25,'SESSION_TIMEOUT','User session expired','INFO','::1','Mozilla/5.0 (Windows NT 10.0; Win64; x64) AppleWebKit/537.36 (KHTML, like Gecko) Chrome/137.0.0.0 Safari/537.36',NULL,'2025-06-18 06:51:32'),(26,'LOGIN_SUCCESS','Username: raf','INFO','::1','Mozilla/5.0 (Windows NT 10.0; Win64; x64) AppleWebKit/537.36 (KHTML, like Gecko) Chrome/137.0.0.0 Safari/537.36',4,'2025-06-18 06:51:36'),(27,'LOGIN_SUCCESS','Username: raf','INFO','::1','Mozilla/5.0 (Windows NT 10.0; Win64; x64) AppleWebKit/537.36 (KHTML, like Gecko) Chrome/137.0.0.0 Safari/537.36',4,'2025-06-20 08:24:34'),(28,'SESSION_TIMEOUT','User session expired','INFO','::1','Mozilla/5.0 (Windows NT 10.0; Win64; x64) AppleWebKit/537.36 (KHTML, like Gecko) Chrome/137.0.0.0 Safari/537.36',NULL,'2025-06-20 12:20:42'),(29,'LOGIN_SUCCESS','Username: viewer','INFO','::1','Mozilla/5.0 (Windows NT 10.0; Win64; x64) AppleWebKit/537.36 (KHTML, like Gecko) Chrome/137.0.0.0 Safari/537.36',3,'2025-06-20 12:20:51'),(30,'LOGIN_FAILED','Username: editor, IP: ::1','WARNING','::1','Mozilla/5.0 (Windows NT 10.0; Win64; x64) AppleWebKit/537.36 (KHTML, like Gecko) Chrome/137.0.0.0 Safari/537.36',NULL,'2025-06-20 13:02:40'),(31,'LOGIN_FAILED','Username: editor, IP: ::1','WARNING','::1','Mozilla/5.0 (Windows NT 10.0; Win64; x64) AppleWebKit/537.36 (KHTML, like Gecko) Chrome/137.0.0.0 Safari/537.36',NULL,'2025-06-20 13:02:49'),(32,'LOGIN_SUCCESS','Username: raf','INFO','::1','Mozilla/5.0 (Windows NT 10.0; Win64; x64) AppleWebKit/537.36 (KHTML, like Gecko) Chrome/137.0.0.0 Safari/537.36',4,'2025-06-20 13:02:56'),(33,'LOGIN_FAILED','Username: allam, IP: 192.168.17.66','WARNING','192.168.17.66','Mozilla/5.0 (Windows NT 10.0; Win64; x64) AppleWebKit/537.36 (KHTML, like Gecko) Chrome/109.0.0.0 Safari/537.36',NULL,'2025-06-22 15:20:40'),(34,'LOGIN_SUCCESS','Username: allam','INFO','192.168.17.66','Mozilla/5.0 (Windows NT 10.0; Win64; x64) AppleWebKit/537.36 (KHTML, like Gecko) Chrome/109.0.0.0 Safari/537.36',5,'2025-06-22 15:20:49'),(35,'LOGIN_SUCCESS','Username: allam','INFO','192.168.17.66','Mozilla/5.0 (Windows NT 10.0; Win64; x64) AppleWebKit/537.36 (KHTML, like Gecko) Chrome/109.0.0.0 Safari/537.36',5,'2025-06-22 17:01:01'),(36,'LOGIN_FAILED','Username: Remon, IP: 192.168.17.66','WARNING','192.168.17.66','Mozilla/5.0 (Windows NT 10.0; Win64; x64) AppleWebKit/537.36 (KHTML, like Gecko) Chrome/109.0.0.0 Safari/537.36',NULL,'2025-06-22 17:05:55'),(37,'LOGIN_SUCCESS','Username: Remon','INFO','192.168.17.66','Mozilla/5.0 (Windows NT 10.0; Win64; x64) AppleWebKit/537.36 (KHTML, like Gecko) Chrome/109.0.0.0 Safari/537.36',7,'2025-06-22 17:06:02'),(38,'LOGIN_SUCCESS','Username: Jonathan','INFO','192.168.17.66','Mozilla/5.0 (Windows NT 10.0; Win64; x64) AppleWebKit/537.36 (KHTML, like Gecko) Chrome/109.0.0.0 Safari/537.36',6,'2025-06-22 17:07:58'),(39,'LOGIN_SUCCESS','Username: allam','INFO','192.168.17.66','Mozilla/5.0 (Windows NT 10.0; Win64; x64) AppleWebKit/537.36 (KHTML, like Gecko) Chrome/109.0.0.0 Safari/537.36',5,'2025-06-22 17:37:06'),(40,'LOGIN_FAILED','Username: allam, IP: ::1','WARNING','::1','Mozilla/5.0 (Windows NT 10.0; Win64; x64) AppleWebKit/537.36 (KHTML, like Gecko) Chrome/137.0.0.0 Safari/537.36',NULL,'2025-06-22 18:17:38'),(41,'LOGIN_SUCCESS','Username: allam','INFO','::1','Mozilla/5.0 (Windows NT 10.0; Win64; x64) AppleWebKit/537.36 (KHTML, like Gecko) Chrome/137.0.0.0 Safari/537.36',5,'2025-06-22 18:17:46'),(42,'LOGIN_SUCCESS','Username: allam','INFO','192.168.17.66','Mozilla/5.0 (Windows NT 10.0; Win64; x64) AppleWebKit/537.36 (KHTML, like Gecko) Chrome/109.0.0.0 Safari/537.36',5,'2025-06-22 18:19:44'),(43,'SESSION_TIMEOUT','User session expired','INFO','192.168.17.66','Mozilla/5.0 (Windows NT 10.0; Win64; x64) AppleWebKit/537.36 (KHTML, like Gecko) Chrome/109.0.0.0 Safari/537.36',NULL,'2025-06-22 20:13:38'),(44,'LOGIN_SUCCESS','Username: allam','INFO','192.168.17.66','Mozilla/5.0 (Windows NT 10.0; Win64; x64) AppleWebKit/537.36 (KHTML, like Gecko) Chrome/109.0.0.0 Safari/537.36',5,'2025-06-22 20:15:17'),(45,'LOGIN_SUCCESS','Username: Jonathan','INFO','192.168.17.66','Mozilla/5.0 (Windows NT 10.0; Win64; x64) AppleWebKit/537.36 (KHTML, like Gecko) Chrome/109.0.0.0 Safari/537.36',6,'2025-06-22 21:04:08'),(46,'LOGIN_SUCCESS','Username: allam','INFO','192.168.17.66','Mozilla/5.0 (Windows NT 10.0; Win64; x64) AppleWebKit/537.36 (KHTML, like Gecko) Chrome/109.0.0.0 Safari/537.36',5,'2025-06-22 21:42:34'),(47,'SESSION_TIMEOUT','User session expired','INFO','192.168.17.66','Mozilla/5.0 (Windows NT 10.0; Win64; x64) AppleWebKit/537.36 (KHTML, like Gecko) Chrome/109.0.0.0 Safari/537.36',NULL,'2025-06-22 23:03:26'),(48,'LOGIN_FAILED','Username: allam, IP: 192.168.17.66','WARNING','192.168.17.66','Mozilla/5.0 (Windows NT 10.0; Win64; x64) AppleWebKit/537.36 (KHTML, like Gecko) Chrome/109.0.0.0 Safari/537.36',NULL,'2025-06-22 23:03:30'),(49,'LOGIN_FAILED','Username: cd1234allam, IP: 192.168.17.66','WARNING','192.168.17.66','Mozilla/5.0 (Windows NT 10.0; Win64; x64) AppleWebKit/537.36 (KHTML, like Gecko) Chrome/109.0.0.0 Safari/537.36',NULL,'2025-06-22 23:03:38'),(50,'LOGIN_SUCCESS','Username: allam','INFO','192.168.17.66','Mozilla/5.0 (Windows NT 10.0; Win64; x64) AppleWebKit/537.36 (KHTML, like Gecko) Chrome/109.0.0.0 Safari/537.36',5,'2025-06-22 23:03:48'),(51,'SESSION_TIMEOUT','User session expired','INFO','192.168.17.66','Mozilla/5.0 (Windows NT 10.0; Win64; x64) AppleWebKit/537.36 (KHTML, like Gecko) Chrome/109.0.0.0 Safari/537.36',NULL,'2025-06-23 00:27:42'),(52,'LOGIN_FAILED','Username: allam, IP: 192.168.17.66','WARNING','192.168.17.66','Mozilla/5.0 (Windows NT 10.0; Win64; x64) AppleWebKit/537.36 (KHTML, like Gecko) Chrome/109.0.0.0 Safari/537.36',NULL,'2025-06-23 00:27:49'),(53,'LOGIN_SUCCESS','Username: allam','INFO','192.168.17.66','Mozilla/5.0 (Windows NT 10.0; Win64; x64) AppleWebKit/537.36 (KHTML, like Gecko) Chrome/109.0.0.0 Safari/537.36',5,'2025-06-23 00:27:56'),(54,'SESSION_TIMEOUT','User session expired','INFO','::1','Mozilla/5.0 (Windows NT 10.0; Win64; x64) AppleWebKit/537.36 (KHTML, like Gecko) Chrome/137.0.0.0 Safari/537.36',NULL,'2025-06-23 02:01:43'),(55,'SESSION_TIMEOUT','User session expired','INFO','::1','Mozilla/5.0 (Windows NT 10.0; Win64; x64) AppleWebKit/537.36 (KHTML, like Gecko) Chrome/137.0.0.0 Safari/537.36',NULL,'2025-06-23 04:52:37'),(56,'LOGIN_SUCCESS','Username: allam','INFO','192.168.17.66','Mozilla/5.0 (Windows NT 10.0; Win64; x64) AppleWebKit/537.36 (KHTML, like Gecko) Chrome/109.0.0.0 Safari/537.36',5,'2025-06-23 14:33:05'),(57,'SESSION_TIMEOUT','User session expired','INFO','::1','Mozilla/5.0 (Windows NT 10.0; Win64; x64) AppleWebKit/537.36 (KHTML, like Gecko) Chrome/137.0.0.0 Safari/537.36',NULL,'2025-06-23 15:50:21'),(58,'SESSION_TIMEOUT','User session expired','INFO','192.168.17.66','Mozilla/5.0 (Windows NT 10.0; Win64; x64) AppleWebKit/537.36 (KHTML, like Gecko) Chrome/109.0.0.0 Safari/537.36',NULL,'2025-06-23 15:58:17'),(59,'LOGIN_FAILED','Username: allam, IP: 192.168.17.66','WARNING','192.168.17.66','Mozilla/5.0 (Windows NT 10.0; Win64; x64) AppleWebKit/537.36 (KHTML, like Gecko) Chrome/109.0.0.0 Safari/537.36',NULL,'2025-06-23 15:58:25'),(60,'LOGIN_SUCCESS','Username: allam','INFO','192.168.17.66','Mozilla/5.0 (Windows NT 10.0; Win64; x64) AppleWebKit/537.36 (KHTML, like Gecko) Chrome/109.0.0.0 Safari/537.36',5,'2025-06-23 15:58:33'),(61,'SESSION_TIMEOUT','User session expired','INFO','192.168.17.66','Mozilla/5.0 (Windows NT 10.0; Win64; x64) AppleWebKit/537.36 (KHTML, like Gecko) Chrome/109.0.0.0 Safari/537.36',NULL,'2025-06-23 17:25:53'),(62,'LOGIN_SUCCESS','Username: allam','INFO','192.168.17.66','Mozilla/5.0 (Windows NT 10.0; Win64; x64) AppleWebKit/537.36 (KHTML, like Gecko) Chrome/109.0.0.0 Safari/537.36',5,'2025-06-23 17:26:03'),(63,'SESSION_TIMEOUT','User session expired','INFO','192.168.17.66','Mozilla/5.0 (Windows NT 10.0; Win64; x64) AppleWebKit/537.36 (KHTML, like Gecko) Chrome/109.0.0.0 Safari/537.36',NULL,'2025-06-23 20:18:07'),(64,'LOGIN_FAILED','Username: ALLAM, IP: 192.168.17.66','WARNING','192.168.17.66','Mozilla/5.0 (Windows NT 10.0; Win64; x64) AppleWebKit/537.36 (KHTML, like Gecko) Chrome/109.0.0.0 Safari/537.36',NULL,'2025-06-23 20:18:16'),(65,'LOGIN_SUCCESS','Username: ALLAM','INFO','192.168.17.66','Mozilla/5.0 (Windows NT 10.0; Win64; x64) AppleWebKit/537.36 (KHTML, like Gecko) Chrome/109.0.0.0 Safari/537.36',5,'2025-06-23 20:18:25'),(66,'SESSION_TIMEOUT','User session expired','INFO','::1','Mozilla/5.0 (Windows NT 10.0; Win64; x64) AppleWebKit/537.36 (KHTML, like Gecko) Chrome/137.0.0.0 Safari/537.36',NULL,'2025-06-23 21:10:08'),(67,'LOGIN_FAILED','Username: admin, IP: ::1','WARNING','::1','Mozilla/5.0 (Windows NT 10.0; Win64; x64) AppleWebKit/537.36 (KHTML, like Gecko) Chrome/137.0.0.0 Safari/537.36',NULL,'2025-06-23 21:10:26'),(68,'LOGIN_FAILED','Username: admin, IP: ::1','WARNING','::1','Mozilla/5.0 (Windows NT 10.0; Win64; x64) AppleWebKit/537.36 (KHTML, like Gecko) Chrome/137.0.0.0 Safari/537.36',NULL,'2025-06-23 21:10:35'),(69,'LOGIN_SUCCESS','Username: ALLAM','INFO','::1','Mozilla/5.0 (Windows NT 10.0; Win64; x64) AppleWebKit/537.36 (KHTML, like Gecko) Chrome/137.0.0.0 Safari/537.36',5,'2025-06-23 21:10:48'),(70,'SESSION_TIMEOUT','User session expired','INFO','192.168.17.66','Mozilla/5.0 (Windows NT 10.0; Win64; x64) AppleWebKit/537.36 (KHTML, like Gecko) Chrome/109.0.0.0 Safari/537.36',NULL,'2025-06-24 14:36:20'),(71,'SESSION_TIMEOUT','User session expired','INFO','192.168.17.66','Mozilla/5.0 (Windows NT 10.0; Win64; x64) AppleWebKit/537.36 (KHTML, like Gecko) Chrome/109.0.0.0 Safari/537.36',NULL,'2025-06-24 17:15:29'),(72,'LOGIN_SUCCESS','Username: allam','INFO','192.168.17.66','Mozilla/5.0 (Windows NT 10.0; Win64; x64) AppleWebKit/537.36 (KHTML, like Gecko) Chrome/109.0.0.0 Safari/537.36',5,'2025-06-24 17:15:39'),(73,'LOGIN_SUCCESS','Username: Jonathan','INFO','192.168.17.66','Mozilla/5.0 (Windows NT 10.0; Win64; x64) AppleWebKit/537.36 (KHTML, like Gecko) Chrome/109.0.0.0 Safari/537.36',6,'2025-06-24 18:59:12'),(74,'SESSION_TIMEOUT','User session expired','INFO','192.168.17.66','Mozilla/5.0 (Windows NT 10.0; Win64; x64) AppleWebKit/537.36 (KHTML, like Gecko) Chrome/109.0.0.0 Safari/537.36',NULL,'2025-06-24 20:15:24'),(75,'LOGIN_SUCCESS','Username: allam','INFO','192.168.17.66','Mozilla/5.0 (Windows NT 10.0; Win64; x64) AppleWebKit/537.36 (KHTML, like Gecko) Chrome/109.0.0.0 Safari/537.36',5,'2025-06-24 20:15:34'),(76,'LOGIN_SUCCESS','Username: raf','INFO','::1','Mozilla/5.0 (Windows NT 10.0; Win64; x64) AppleWebKit/537.36 (KHTML, like Gecko) Chrome/137.0.0.0 Safari/537.36',4,'2025-06-25 02:51:41'),(77,'SESSION_TIMEOUT','User session expired','INFO','::1','Mozilla/5.0 (Windows NT 10.0; Win64; x64) AppleWebKit/537.36 (KHTML, like Gecko) Chrome/137.0.0.0 Safari/537.36',NULL,'2025-06-25 05:40:10'),(78,'LOGIN_SUCCESS','Username: raf','INFO','::1','Mozilla/5.0 (Windows NT 10.0; Win64; x64) AppleWebKit/537.36 (KHTML, like Gecko) Chrome/137.0.0.0 Safari/537.36',4,'2025-06-25 05:40:14'),(79,'SESSION_TIMEOUT','User session expired','INFO','::1','Mozilla/5.0 (Windows NT 10.0; Win64; x64) AppleWebKit/537.36 (KHTML, like Gecko) Chrome/137.0.0.0 Safari/537.36',NULL,'2025-06-25 08:08:46'),(80,'LOGIN_SUCCESS','Username: raf','INFO','::1','Mozilla/5.0 (Windows NT 10.0; Win64; x64) AppleWebKit/537.36 (KHTML, like Gecko) Chrome/137.0.0.0 Safari/537.36',4,'2025-06-25 08:08:54'),(81,'SESSION_TIMEOUT','User session expired','INFO','::1','Mozilla/5.0 (Windows NT 10.0; Win64; x64) AppleWebKit/537.36 (KHTML, like Gecko) Chrome/137.0.0.0 Safari/537.36',NULL,'2025-06-25 09:51:29'),(82,'LOGIN_SUCCESS','Username: raf','INFO','::1','Mozilla/5.0 (Windows NT 10.0; Win64; x64) AppleWebKit/537.36 (KHTML, like Gecko) Chrome/137.0.0.0 Safari/537.36',4,'2025-06-25 09:51:37'),(83,'SESSION_TIMEOUT','User session expired','INFO','192.168.17.66','Mozilla/5.0 (Windows NT 10.0; Win64; x64) AppleWebKit/537.36 (KHTML, like Gecko) Chrome/109.0.0.0 Safari/537.36',NULL,'2025-06-25 15:05:07'),(84,'LOGIN_SUCCESS','Username: allam','INFO','192.168.17.66','Mozilla/5.0 (Windows NT 10.0; Win64; x64) AppleWebKit/537.36 (KHTML, like Gecko) Chrome/109.0.0.0 Safari/537.36',5,'2025-06-25 15:05:17'),(85,'SESSION_TIMEOUT','User session expired','INFO','192.168.17.66','Mozilla/5.0 (Windows NT 10.0; Win64; x64) AppleWebKit/537.36 (KHTML, like Gecko) Chrome/109.0.0.0 Safari/537.36',NULL,'2025-06-25 16:15:49'),(86,'LOGIN_FAILED','Username: allam, IP: 192.168.17.66','WARNING','192.168.17.66','Mozilla/5.0 (Windows NT 10.0; Win64; x64) AppleWebKit/537.36 (KHTML, like Gecko) Chrome/109.0.0.0 Safari/537.36',NULL,'2025-06-25 16:15:54'),(87,'LOGIN_SUCCESS','Username: allam','INFO','192.168.17.66','Mozilla/5.0 (Windows NT 10.0; Win64; x64) AppleWebKit/537.36 (KHTML, like Gecko) Chrome/109.0.0.0 Safari/537.36',5,'2025-06-25 16:16:02'),(88,'SESSION_TIMEOUT','User session expired','INFO','192.168.17.66','Mozilla/5.0 (Windows NT 10.0; Win64; x64) AppleWebKit/537.36 (KHTML, like Gecko) Chrome/109.0.0.0 Safari/537.36',NULL,'2025-06-25 18:39:24'),(89,'LOGIN_SUCCESS','Username: allam','INFO','192.168.17.66','Mozilla/5.0 (Windows NT 10.0; Win64; x64) AppleWebKit/537.36 (KHTML, like Gecko) Chrome/109.0.0.0 Safari/537.36',5,'2025-06-25 18:43:04'),(90,'LOGIN_SUCCESS','Username: raf','INFO','::1','Mozilla/5.0 (Windows NT 10.0; Win64; x64) AppleWebKit/537.36 (KHTML, like Gecko) Chrome/137.0.0.0 Safari/537.36',4,'2025-06-26 03:23:47'),(91,'SESSION_TIMEOUT','User session expired','INFO','::1','Mozilla/5.0 (Windows NT 10.0; Win64; x64) AppleWebKit/537.36 (KHTML, like Gecko) Chrome/137.0.0.0 Safari/537.36',NULL,'2025-06-26 05:18:06'),(92,'LOGIN_SUCCESS','Username: raf','INFO','::1','Mozilla/5.0 (Windows NT 10.0; Win64; x64) AppleWebKit/537.36 (KHTML, like Gecko) Chrome/137.0.0.0 Safari/537.36',4,'2025-06-26 05:18:14'),(93,'LOGIN_SUCCESS','Username: raf','INFO','::1','Mozilla/5.0 (Windows NT 10.0; Win64; x64) AppleWebKit/537.36 (KHTML, like Gecko) Chrome/137.0.0.0 Safari/537.36',4,'2025-06-26 16:05:02'),(94,'SESSION_TIMEOUT','User session expired','INFO','192.168.17.66','Mozilla/5.0 (Windows NT 10.0; Win64; x64) AppleWebKit/537.36 (KHTML, like Gecko) Chrome/109.0.0.0 Safari/537.36',NULL,'2025-06-26 16:20:19'),(95,'LOGIN_SUCCESS','Username: allam','INFO','192.168.17.66','Mozilla/5.0 (Windows NT 10.0; Win64; x64) AppleWebKit/537.36 (KHTML, like Gecko) Chrome/109.0.0.0 Safari/537.36',5,'2025-06-26 16:20:28'),(96,'SESSION_TIMEOUT','User session expired','INFO','192.168.17.66','Mozilla/5.0 (Windows NT 10.0; Win64; x64) AppleWebKit/537.36 (KHTML, like Gecko) Chrome/109.0.0.0 Safari/537.36',NULL,'2025-06-26 20:18:59'),(97,'SESSION_TIMEOUT','User session expired','INFO','::1','Mozilla/5.0 (Windows NT 10.0; Win64; x64) AppleWebKit/537.36 (KHTML, like Gecko) Chrome/137.0.0.0 Safari/537.36',NULL,'2025-06-27 09:54:51'),(98,'LOGIN_SUCCESS','Username: raf','INFO','::1','Mozilla/5.0 (Windows NT 10.0; Win64; x64) AppleWebKit/537.36 (KHTML, like Gecko) Chrome/137.0.0.0 Safari/537.36',4,'2025-06-27 09:54:56'),(99,'SESSION_TIMEOUT','User session expired','INFO','192.168.17.66','Mozilla/5.0 (Windows NT 10.0; Win64; x64) AppleWebKit/537.36 (KHTML, like Gecko) Chrome/109.0.0.0 Safari/537.36',NULL,'2025-06-27 10:00:30'),(100,'LOGIN_SUCCESS','Username: allam','INFO','192.168.17.66','Mozilla/5.0 (Windows NT 10.0; Win64; x64) AppleWebKit/537.36 (KHTML, like Gecko) Chrome/109.0.0.0 Safari/537.36',5,'2025-06-27 10:00:36');
/*!40000 ALTER TABLE `security_logs` ENABLE KEYS */;
UNLOCK TABLES;

--
-- Table structure for table `transaction_types`
--

DROP TABLE IF EXISTS `transaction_types`;
/*!40101 SET @saved_cs_client     = @@character_set_client */;
/*!50503 SET character_set_client = utf8mb4 */;
CREATE TABLE `transaction_types` (
  `id` int NOT NULL AUTO_INCREMENT,
  `name` varchar(50) COLLATE utf8mb4_general_ci NOT NULL,
  `category` enum('OUT','DROP') COLLATE utf8mb4_general_ci NOT NULL,
  `description` text COLLATE utf8mb4_general_ci,
  `created_at` timestamp NULL DEFAULT CURRENT_TIMESTAMP,
  `updated_at` timestamp NULL DEFAULT CURRENT_TIMESTAMP ON UPDATE CURRENT_TIMESTAMP,
  PRIMARY KEY (`id`),
  UNIQUE KEY `name` (`name`)
) ENGINE=MyISAM AUTO_INCREMENT=6 DEFAULT CHARSET=utf8mb4 COLLATE=utf8mb4_general_ci;
/*!40101 SET character_set_client = @saved_cs_client */;

--
-- Dumping data for table `transaction_types`
--

LOCK TABLES `transaction_types` WRITE;
/*!40000 ALTER TABLE `transaction_types` DISABLE KEYS */;
INSERT INTO `transaction_types` VALUES (1,'Handpay','OUT','Manual payment to player','2025-05-26 11:02:35','2025-05-26 11:02:35'),(2,'Ticket','OUT','Ticket out payment','2025-05-26 11:02:35','2025-05-26 11:02:35'),(3,'Refill','OUT','Machine refill','2025-05-26 11:02:35','2025-05-26 11:02:35'),(4,'Coins Drop','DROP','Coins inserted by players','2025-05-26 11:02:35','2025-05-26 11:02:35'),(5,'Cash Drop','DROP','Cash inserted by players','2025-05-26 11:02:35','2025-05-26 11:02:35');
/*!40000 ALTER TABLE `transaction_types` ENABLE KEYS */;
UNLOCK TABLES;

--
-- Table structure for table `transactions`
--

DROP TABLE IF EXISTS `transactions`;
/*!40101 SET @saved_cs_client     = @@character_set_client */;
/*!50503 SET character_set_client = utf8mb4 */;
CREATE TABLE `transactions` (
  `id` int NOT NULL AUTO_INCREMENT,
  `machine_id` int NOT NULL,
  `transaction_type_id` int NOT NULL,
  `amount` decimal(10,2) NOT NULL,
  `timestamp` timestamp NOT NULL DEFAULT CURRENT_TIMESTAMP,
  `user_id` int NOT NULL,
  `notes` text COLLATE utf8mb4_general_ci,
  `created_at` timestamp NULL DEFAULT CURRENT_TIMESTAMP,
  `updated_at` timestamp NULL DEFAULT CURRENT_TIMESTAMP ON UPDATE CURRENT_TIMESTAMP,
  PRIMARY KEY (`id`),
  KEY `machine_id` (`machine_id`),
  KEY `transaction_type_id` (`transaction_type_id`),
  KEY `user_id` (`user_id`)
) ENGINE=MyISAM AUTO_INCREMENT=81 DEFAULT CHARSET=utf8mb4 COLLATE=utf8mb4_general_ci;
/*!40101 SET character_set_client = @saved_cs_client */;

--
-- Dumping data for table `transactions`
--

LOCK TABLES `transactions` WRITE;
/*!40000 ALTER TABLE `transactions` DISABLE KEYS */;
INSERT INTO `transactions` VALUES (1,1,1,1500.00,'2025-05-26 02:13:00',1,NULL,'2025-05-27 05:14:28','2025-05-27 06:20:08'),(2,6,5,1388.00,'2025-05-27 05:20:00',1,NULL,'2025-05-27 08:21:09','2025-05-27 08:21:09'),(3,4,5,188.00,'2025-05-27 05:21:00',1,NULL,'2025-05-27 08:21:32','2025-05-27 08:21:32'),(16,9,1,10.00,'2025-05-28 00:41:00',1,NULL,'2025-05-28 09:43:35','2025-05-31 12:16:04'),(6,5,3,125.00,'2025-05-09 09:48:00',1,NULL,'2025-05-27 08:31:46','2025-05-31 12:15:08'),(7,7,5,660.00,'2025-05-27 07:24:00',1,NULL,'2025-05-27 13:01:28','2025-05-31 12:15:32'),(8,8,3,125.00,'2025-05-27 18:06:00',1,NULL,'2025-05-27 17:55:13','2025-05-31 12:15:23'),(17,9,5,100.00,'2025-05-28 08:18:00',1,NULL,'2025-05-28 09:43:43','2025-05-31 12:16:16'),(11,5,4,266.00,'2025-05-28 05:22:00',1,NULL,'2025-05-28 09:22:46','2025-05-31 12:16:10'),(12,10,5,144.00,'2025-05-28 01:33:00',1,NULL,'2025-05-28 09:25:04','2025-05-31 12:15:55'),(13,10,2,12.00,'2025-05-28 19:30:00',1,NULL,'2025-05-28 09:25:14','2025-05-31 12:15:46'),(15,11,1,10.00,'2025-05-28 14:45:00',1,NULL,'2025-05-28 09:42:43','2025-05-31 12:15:41'),(18,12,1,10.00,'2025-05-27 21:00:00',1,NULL,'2025-05-28 09:45:34','2025-05-28 09:45:34'),(19,12,5,88.50,'2025-05-27 21:00:00',1,NULL,'2025-05-28 09:45:46','2025-05-28 09:45:46'),(20,13,2,120.00,'2025-05-27 21:00:00',1,NULL,'2025-05-28 09:47:49','2025-05-28 09:47:49'),(21,13,5,500.00,'2025-05-27 21:00:00',1,NULL,'2025-05-28 09:47:59','2025-05-28 09:47:59'),(22,14,5,100.00,'2025-05-27 21:00:00',1,NULL,'2025-05-28 11:32:16','2025-05-28 11:32:16'),(23,14,2,20.00,'2025-05-27 21:00:00',1,NULL,'2025-05-28 11:32:25','2025-05-28 11:32:25'),(24,9,5,40.00,'2025-05-29 11:59:00',1,NULL,'2025-05-29 07:18:37','2025-05-31 12:16:45'),(25,15,5,200.00,'2025-05-29 07:03:00',1,NULL,'2025-05-29 07:37:08','2025-05-31 12:40:17'),(26,15,2,190.00,'2025-05-29 18:35:00',1,NULL,'2025-05-29 07:37:21','2025-05-31 12:16:26'),(27,11,5,115.00,'2025-05-07 07:30:00',1,NULL,'2025-05-30 09:52:47','2025-05-31 12:15:00'),(28,1,5,1250.00,'2025-05-21 09:15:00',1,NULL,'2025-05-30 09:57:08','2025-05-31 12:15:15'),(29,8,4,198.00,'2025-05-28 18:56:00',4,NULL,'2025-05-30 11:54:18','2025-05-31 12:14:43'),(30,11,3,125.00,'2025-05-30 18:05:00',4,NULL,'2025-05-30 17:16:11','2025-05-31 12:14:52'),(31,10,1,200.00,'2025-05-30 20:23:00',4,NULL,'2025-05-30 17:16:36','2025-05-31 12:16:35'),(32,1,5,144.00,'2025-05-31 12:09:00',5,NULL,'2025-05-31 09:03:35','2025-05-31 12:09:10'),(33,4,1,122.00,'2025-05-27 15:49:00',5,NULL,'2025-05-31 09:03:44','2025-05-31 12:14:34'),(34,10,5,1000.00,'2025-05-31 12:08:00',5,NULL,'2025-05-31 12:09:01','2025-05-31 12:09:01'),(36,15,5,100.00,'2025-06-01 08:55:00',1,NULL,'2025-06-01 08:56:02','2025-06-01 08:56:02'),(37,15,1,50.00,'2025-06-01 08:56:00',1,NULL,'2025-06-01 08:56:10','2025-06-01 08:56:10'),(38,18,5,190.00,'2025-06-01 12:30:00',1,NULL,'2025-06-01 12:30:43','2025-06-01 12:30:43'),(39,10,2,37.50,'2025-06-01 12:38:00',1,NULL,'2025-06-01 12:38:37','2025-06-01 12:38:37'),(40,8,3,125.00,'2025-06-01 12:38:00',1,NULL,'2025-06-01 12:38:56','2025-06-01 12:38:56'),(41,6,5,500.00,'2025-06-02 05:21:00',1,NULL,'2025-06-02 05:21:35','2025-06-02 05:21:35'),(42,10,5,320.00,'2025-06-03 05:21:00',1,NULL,'2025-06-03 05:21:44','2025-06-03 05:21:44'),(43,10,1,36.00,'2025-06-03 05:21:00',1,NULL,'2025-06-03 05:21:55','2025-06-03 05:21:55'),(44,8,3,125.00,'2025-06-03 05:21:00',1,NULL,'2025-06-03 05:22:02','2025-06-03 05:22:02'),(45,8,1,17.00,'2025-06-03 05:22:00',1,NULL,'2025-06-03 05:22:08','2025-06-03 05:22:08'),(46,6,5,500.00,'2025-06-03 05:22:00',1,NULL,'2025-06-03 05:22:20','2025-06-03 05:22:20'),(47,6,2,319.00,'2025-06-03 05:22:00',1,NULL,'2025-06-03 05:22:35','2025-06-03 05:22:35'),(48,8,4,223.00,'2025-06-03 05:31:00',1,NULL,'2025-06-03 05:31:11','2025-06-03 05:31:11'),(49,8,4,320.00,'2025-06-04 04:38:00',4,NULL,'2025-06-04 04:38:17','2025-06-04 04:38:17'),(50,6,5,520.00,'2025-06-04 04:38:00',4,NULL,'2025-06-04 04:38:25','2025-06-04 05:00:12'),(51,9,1,250.00,'2025-06-04 04:38:00',4,NULL,'2025-06-04 04:38:33','2025-06-04 04:38:33'),(52,8,3,125.00,'2025-06-04 04:58:00',4,NULL,'2025-06-04 04:58:55','2025-06-04 04:58:55'),(53,11,2,103.00,'2025-06-04 04:59:00',4,NULL,'2025-06-04 04:59:49','2025-06-04 04:59:49'),(54,20,5,153.00,'2025-06-06 07:40:00',4,NULL,'2025-06-06 07:40:32','2025-06-12 11:32:25'),(55,11,1,1000.00,'2025-06-07 20:09:00',1,NULL,'2025-06-07 20:10:31','2025-06-07 20:10:31'),(56,8,4,140.00,'2025-06-08 05:28:00',5,NULL,'2025-06-08 05:28:29','2025-06-08 05:28:29'),(57,11,5,259.00,'2025-06-08 08:17:00',4,NULL,'2025-06-08 08:18:15','2025-06-08 08:18:15'),(58,6,5,125.00,'2025-06-08 07:34:07',4,NULL,'2025-06-08 08:34:19','2025-06-08 08:34:19'),(59,1,5,547.00,'2025-06-08 07:34:07',4,NULL,'2025-06-08 08:34:30','2025-06-08 08:34:30'),(60,10,1,12.50,'2025-06-08 07:34:36',4,NULL,'2025-06-08 08:34:49','2025-06-08 08:34:49'),(61,7,1,19.00,'2025-06-08 07:34:36',4,NULL,'2025-06-08 08:34:54','2025-06-08 08:34:54'),(62,9,1,121.00,'2025-06-08 07:34:36',4,NULL,'2025-06-08 08:35:00','2025-06-08 08:35:00'),(63,15,5,12.00,'2025-06-08 07:42:36',4,NULL,'2025-06-08 08:42:43','2025-06-08 08:42:43'),(64,20,1,140.00,'2025-06-08 07:54:07',4,NULL,'2025-06-08 08:54:18','2025-06-08 08:54:18'),(65,5,4,200.00,'2025-06-08 07:54:07',4,NULL,'2025-06-08 08:54:27','2025-06-08 08:54:27'),(66,10,5,89.00,'2025-06-08 07:54:07',4,NULL,'2025-06-08 08:54:35','2025-06-08 08:54:35'),(67,6,2,33.00,'2025-06-08 07:55:00',4,NULL,'2025-06-08 08:55:59','2025-06-11 09:34:38'),(68,15,1,15.00,'2025-06-08 07:55:45',4,NULL,'2025-06-08 08:56:07','2025-06-08 08:56:07'),(69,10,1,99.00,'2025-06-08 07:55:00',4,'nn','2025-06-08 08:56:11','2025-06-10 21:27:22'),(70,17,5,122.00,'2025-06-08 10:11:12',4,NULL,'2025-06-08 11:11:28','2025-06-08 11:11:28'),(71,7,5,199.00,'2025-06-08 10:11:12',4,NULL,'2025-06-08 11:11:34','2025-06-08 11:11:34'),(73,8,3,125.01,'2025-06-09 07:45:00',5,NULL,'2025-06-09 08:45:57','2025-06-23 20:28:31'),(74,6,1,1000.00,'2025-06-08 16:42:33',5,NULL,'2025-06-09 17:42:58','2025-06-09 17:42:58'),(76,8,1,14.00,'2025-06-12 09:00:10',4,NULL,'2025-06-12 09:00:22','2025-06-12 09:00:22'),(78,10,1,200.00,'2025-06-23 02:03:53',5,NULL,'2025-06-23 02:04:11','2025-06-23 02:04:11'),(79,11,1,300.00,'2025-06-22 02:03:00',5,NULL,'2025-06-23 02:04:21','2025-06-27 13:13:44'),(80,15,1,300.50,'2025-06-23 02:03:53',5,NULL,'2025-06-23 02:04:31','2025-06-23 02:04:31');
/*!40000 ALTER TABLE `transactions` ENABLE KEYS */;
UNLOCK TABLES;

--
-- Table structure for table `users`
--

DROP TABLE IF EXISTS `users`;
/*!40101 SET @saved_cs_client     = @@character_set_client */;
/*!50503 SET character_set_client = utf8mb4 */;
CREATE TABLE `users` (
  `id` int NOT NULL AUTO_INCREMENT,
  `username` varchar(50) COLLATE utf8mb4_general_ci NOT NULL,
  `password` varchar(255) COLLATE utf8mb4_general_ci NOT NULL,
  `name` varchar(100) COLLATE utf8mb4_general_ci NOT NULL,
  `email` varchar(100) COLLATE utf8mb4_general_ci NOT NULL,
  `role` enum('admin','editor','viewer') COLLATE utf8mb4_general_ci NOT NULL,
  `status` enum('Active','Inactive','Maintenance','Reserved') COLLATE utf8mb4_general_ci NOT NULL DEFAULT 'Active',
  `created_at` timestamp NULL DEFAULT CURRENT_TIMESTAMP,
  `updated_at` timestamp NULL DEFAULT CURRENT_TIMESTAMP ON UPDATE CURRENT_TIMESTAMP,
  PRIMARY KEY (`id`),
  UNIQUE KEY `username` (`username`),
  UNIQUE KEY `email` (`email`)
) ENGINE=MyISAM AUTO_INCREMENT=10 DEFAULT CHARSET=utf8mb4 COLLATE=utf8mb4_general_ci;
/*!40101 SET character_set_client = @saved_cs_client */;

--
-- Dumping data for table `users`
--

LOCK TABLES `users` WRITE;
/*!40000 ALTER TABLE `users` DISABLE KEYS */;
INSERT INTO `users` VALUES (3,'viewer','$2y$10$BDqeDErN2x0RZGHEnTPSZe5xx/qtu391JZbHbd7JJB05AjVU3jpau','Just a viewer','viewer@example.com','viewer','Active','2025-05-26 11:02:35','2025-06-11 08:49:13'),(4,'Raf','$2y$10$HXjXy157kPt8KiqpQ6EXX.YIEXGPZt7lacU4mPMBVLQP4q2p0nDPS','Rafik Semaan','rafiksemaan@gmail.com','admin','Active','2025-05-30 11:43:19','2025-05-30 11:43:19'),(5,'Allam','$2y$10$RNrZZ9VT9dlwJbf.jPmpHu504UlF23aKlBgLGl8WMIpXoHkFGMcqS','Muhamad Allam','slot.manager@sinaigrandcasino.com','admin','Active','2025-05-31 08:55:04','2025-06-09 20:17:53'),(6,'Jonathan','$2y$10$3/fwpyRN8o9ZLH.MysRW7uh.LeyQlMLlEzBIBdNAltzsdbWHtuxfq','Jonathan Lahousse','jonathan@sinaigrandcasino.com','viewer','Active','2025-06-11 04:10:48','2025-06-11 04:10:48'),(7,'Remon','$2y$10$a5igm/8XJhjmaeAEbEHD3.G6eNhmKvxs3FnPFApRj/aox654SEIQK','Remon sadek','11111@11111.com','editor','Active','2025-06-11 04:12:18','2025-06-11 04:12:18'),(8,'CCTV','$2y$10$dYPgWwCCDNJmafP.R0pxse./PeRsT/c8BRjtaStODpWgPvwpBFupq','CCTV','11111@111111.com','viewer','Active','2025-06-11 04:13:42','2025-06-11 04:13:42');
/*!40000 ALTER TABLE `users` ENABLE KEYS */;
UNLOCK TABLES;
/*!40103 SET TIME_ZONE=@OLD_TIME_ZONE */;

/*!40101 SET SQL_MODE=@OLD_SQL_MODE */;
/*!40014 SET FOREIGN_KEY_CHECKS=@OLD_FOREIGN_KEY_CHECKS */;
/*!40014 SET UNIQUE_CHECKS=@OLD_UNIQUE_CHECKS */;
/*!40101 SET CHARACTER_SET_CLIENT=@OLD_CHARACTER_SET_CLIENT */;
/*!40101 SET CHARACTER_SET_RESULTS=@OLD_CHARACTER_SET_RESULTS */;
/*!40101 SET COLLATION_CONNECTION=@OLD_COLLATION_CONNECTION */;
/*!40111 SET SQL_NOTES=@OLD_SQL_NOTES */;

-- Dump completed on 2025-06-27 17:00:02
